-- phpMyAdmin SQL Dump
-- version 4.7.4
-- https://www.phpmyadmin.net/
--
-- Host: 127.0.0.1:3306
-- Generation Time: May 27, 2018 at 05:35 AM
-- Server version: 5.7.19
-- PHP Version: 5.6.31

SET SQL_MODE = "NO_AUTO_VALUE_ON_ZERO";
SET AUTOCOMMIT = 0;
START TRANSACTION;
SET time_zone = "+00:00";


/*!40101 SET @OLD_CHARACTER_SET_CLIENT=@@CHARACTER_SET_CLIENT */;
/*!40101 SET @OLD_CHARACTER_SET_RESULTS=@@CHARACTER_SET_RESULTS */;
/*!40101 SET @OLD_COLLATION_CONNECTION=@@COLLATION_CONNECTION */;
/*!40101 SET NAMES utf8mb4 */;

--
-- Database: `book_online`
--

-- --------------------------------------------------------

--
-- Table structure for table `category`
--

DROP TABLE IF EXISTS `category`;
CREATE TABLE IF NOT EXISTS `category` (
  `id` int(10) UNSIGNED NOT NULL AUTO_INCREMENT,
  `name` varchar(191) COLLATE utf8mb4_unicode_ci NOT NULL,
  `created_at` timestamp NULL DEFAULT NULL,
  `updated_at` timestamp NULL DEFAULT NULL,
  PRIMARY KEY (`id`)
) ENGINE=InnoDB AUTO_INCREMENT=13 DEFAULT CHARSET=utf8mb4 COLLATE=utf8mb4_unicode_ci;

--
-- Dumping data for table `category`
--

INSERT INTO `category` (`id`, `name`, `created_at`, `updated_at`) VALUES
(1, 'Sách Nuôi Dạy Con', NULL, NULL),
(2, 'Sách Thiếu Nhi', NULL, NULL),
(3, 'Sách Kinh Tế', NULL, NULL),
(4, 'Sách Kỹ Năng Sống', NULL, NULL),
(5, 'Sách Học Ngoại Ngữ', NULL, NULL),
(6, 'Sách Văn Học', NULL, NULL),
(7, 'Sách Tham Khảo', NULL, NULL),
(8, 'Sách Giáo Khoa', NULL, NULL),
(9, 'Truyện Tranh', NULL, NULL),
(10, 'Sách Kiến Thức Tổng Hợp', NULL, NULL),
(11, 'Sách Thường Thức - Đời Sống', NULL, NULL),
(12, 'the loại 1', '2018-05-21 23:34:48', '2018-05-21 23:34:48');

-- --------------------------------------------------------

--
-- Table structure for table `customer`
--

DROP TABLE IF EXISTS `customer`;
CREATE TABLE IF NOT EXISTS `customer` (
  `id` int(10) UNSIGNED NOT NULL AUTO_INCREMENT,
  `name` varchar(100) COLLATE utf8mb4_unicode_ci NOT NULL,
  `gender` varchar(10) COLLATE utf8mb4_unicode_ci NOT NULL,
  `email` varchar(50) COLLATE utf8mb4_unicode_ci NOT NULL,
  `address` varchar(191) COLLATE utf8mb4_unicode_ci NOT NULL,
  `phone_number` varchar(191) COLLATE utf8mb4_unicode_ci NOT NULL,
  `note` varchar(255) COLLATE utf8mb4_unicode_ci DEFAULT NULL,
  `created_at` timestamp NULL DEFAULT NULL,
  `updated_at` timestamp NULL DEFAULT NULL,
  PRIMARY KEY (`id`)
) ENGINE=InnoDB AUTO_INCREMENT=18 DEFAULT CHARSET=utf8mb4 COLLATE=utf8mb4_unicode_ci;

--
-- Dumping data for table `customer`
--

INSERT INTO `customer` (`id`, `name`, `gender`, `email`, `address`, `phone_number`, `note`, `created_at`, `updated_at`) VALUES
(1, 'Nguyễn Minh Công', 'nam', 'cong01vn@gmail.com', '1 Mễ Trì Hạ - Nam Từ LIêm - Hà Nội', '01659086001', 'chuyển ngay', '2018-05-09 07:05:46', '2018-05-09 07:05:46'),
(2, 'Nguyễn Minh Công', 'nam', 'cong01vn@gmail.com', '1 Mễ Trì Hạ - Nam Từ LIêm - Hà Nội', '01659086001', 'chuyển ngay', '2018-05-09 07:07:16', '2018-05-09 07:07:16'),
(3, 'Nguyễn Minh Công', 'nam', 'cong01vn@gmail.com', '1 Mễ Trì Hạ - Nam Từ LIêm - Hà Nội', '01659086001', 'chuyển ngay', '2018-05-09 07:08:16', '2018-05-09 07:08:16'),
(4, 'Nguyễn Minh Công', 'nam', 'cong01vn@gmail.com', '1 Mễ Trì Hạ - Nam Từ LIêm - Hà Nội', '01659086001', 'chuyển ngay', '2018-05-09 07:08:38', '2018-05-09 07:08:38'),
(5, 'Nguyễn Minh Công', 'nam', 'cong01vn@gmail.com', '1 Mễ Trì Hạ - Nam Từ LIêm - Hà Nội', '01659086001', 'chuyển ngay', '2018-05-09 07:09:52', '2018-05-09 07:09:52'),
(6, 'Nguyễn Minh Công', 'nam', 'cong01vn@gmail.com', '1 Mễ Trì Hạ - Nam Từ LIêm - Hà Nội', '01659086001', 'chuyển ngay', '2018-05-09 07:10:10', '2018-05-09 07:10:10'),
(7, 'Nguyễn Minh Hải', 'nam', 'cong02vn@gmail.com', '2 Mễ Trì Hạ - Nam Từ LIêm - Hà Nội', '01659086090', 'chuyển ngay', '2018-05-09 07:12:36', '2018-05-09 07:12:36'),
(8, 'Phan Thanh Binh', 'nam', 'cong03vn@gmail.com', '15 Me Tri Ha', '01659086090', 'chuyen ngay', '2018-05-15 08:11:13', '2018-05-15 08:11:13'),
(9, 'Trần Thị Ngọc Lương 11', 'nữ', 'ngocluongtranthi03@gmail.com', '11 Mễ Trì Hạ', '01659086000', 'note', '2018-05-23 05:13:31', '2018-05-23 05:13:31'),
(10, 'Trần Đăng Khoa', 'nam', 'khoa@gmail.com', '1 Hồ Chí Minh', '01659086004', NULL, '2018-05-23 05:18:26', '2018-05-23 05:18:26'),
(11, 'Trần Thị Ngọc Lương 11', 'nữ', 'ngocluongtranthi03@gmail.com', '11 Mễ Trì Hạ', '01659086001', NULL, '2018-05-23 05:24:09', '2018-05-23 05:24:09'),
(12, 'admin', 'nam', 'admin@gmail.com', 'admin', '0111111111', NULL, '2018-05-23 07:31:34', '2018-05-23 07:31:34'),
(13, 'admin', 'nam', 'admin@gmail.com', 'admin', '0111111111', NULL, '2018-05-23 07:43:30', '2018-05-23 07:43:30'),
(14, 'Trần Thị Ngọc Lương 11', 'nam', 'ngocluongtranthi03@gmail.com', '11 Mễ Trì Hạ', '01659086000', NULL, '2018-05-23 10:06:04', '2018-05-23 10:06:04'),
(15, 'admin', 'nam', 'admin@gmail.com', 'admin', '0111111111', NULL, '2018-05-23 15:02:35', '2018-05-23 15:02:35'),
(16, 'admin', 'nam', 'admin@gmail.com', 'admin', '0111111111', NULL, '2018-05-23 16:47:06', '2018-05-23 16:47:06'),
(17, 'admin', 'nam', 'admin@gmail.com', 'admin', '0111111111', NULL, '2018-05-23 16:50:23', '2018-05-23 16:50:23');

-- --------------------------------------------------------

--
-- Table structure for table `migrations`
--

DROP TABLE IF EXISTS `migrations`;
CREATE TABLE IF NOT EXISTS `migrations` (
  `id` int(10) UNSIGNED NOT NULL AUTO_INCREMENT,
  `migration` varchar(191) COLLATE utf8mb4_unicode_ci NOT NULL,
  `batch` int(11) NOT NULL,
  PRIMARY KEY (`id`)
) ENGINE=MyISAM AUTO_INCREMENT=33 DEFAULT CHARSET=utf8mb4 COLLATE=utf8mb4_unicode_ci;

--
-- Dumping data for table `migrations`
--

INSERT INTO `migrations` (`id`, `migration`, `batch`) VALUES
(25, '2014_10_12_000000_create_users_table', 4),
(26, '2014_10_12_100000_create_password_resets_table', 4),
(27, '2018_03_28_145020_category', 4),
(28, '2018_03_28_150841_products', 4),
(29, '2018_03_28_151720_customer', 4),
(30, '2018_03_28_151807_order', 4),
(31, '2018_03_28_152458_order_detail', 4),
(15, '2018_03_28_153619_bill', 3),
(32, '2018_03_28_154104_payment', 4);

-- --------------------------------------------------------

--
-- Table structure for table `order`
--

DROP TABLE IF EXISTS `order`;
CREATE TABLE IF NOT EXISTS `order` (
  `id` int(10) UNSIGNED NOT NULL AUTO_INCREMENT,
  `id_customer` int(4) NOT NULL,
  `date_order` date NOT NULL,
  `month_order` varchar(10) COLLATE utf8mb4_unicode_ci DEFAULT NULL,
  `year_order` varchar(10) COLLATE utf8mb4_unicode_ci DEFAULT NULL,
  `total` int(11) NOT NULL,
  `status` int(11) NOT NULL DEFAULT '0',
  `payment` varchar(200) COLLATE utf8mb4_unicode_ci NOT NULL,
  `created_at` timestamp NULL DEFAULT NULL,
  `updated_at` timestamp NULL DEFAULT NULL,
  PRIMARY KEY (`id`),
  KEY `id_customer` (`id_customer`)
) ENGINE=MyISAM AUTO_INCREMENT=12 DEFAULT CHARSET=utf8mb4 COLLATE=utf8mb4_unicode_ci;

--
-- Dumping data for table `order`
--

INSERT INTO `order` (`id`, `id_customer`, `date_order`, `month_order`, `year_order`, `total`, `status`, `payment`, `created_at`, `updated_at`) VALUES
(1, 6, '2018-04-09', '2018-04', NULL, 298000, 1, 'COD', '2018-04-09 07:10:10', '2018-04-23 08:19:40'),
(2, 7, '2018-05-09', '2018-05', NULL, 86000, 1, 'COD', '2018-05-09 07:12:36', '2018-05-09 07:12:36'),
(4, 9, '2018-05-23', '2018-05', NULL, 199000, 1, 'COD', '2018-05-23 05:13:31', '2018-05-23 05:13:31'),
(5, 10, '2018-05-23', '2018-05', NULL, 106000, 1, 'ATM', '2018-05-23 05:18:26', '2018-05-23 08:22:51'),
(9, 14, '2018-05-23', '2018-05', NULL, 246500, 1, 'COD', '2018-05-23 10:06:04', '2018-05-23 10:06:04'),
(10, 16, '2018-05-23', '2018-05', NULL, 199000, 1, 'COD', '2018-05-23 16:47:07', '2018-05-23 16:52:39'),
(11, 17, '2018-05-23', '2018-05', '2018', 298000, 0, 'COD', '2018-05-23 16:50:23', '2018-05-23 16:50:23');

-- --------------------------------------------------------

--
-- Table structure for table `order_detail`
--

DROP TABLE IF EXISTS `order_detail`;
CREATE TABLE IF NOT EXISTS `order_detail` (
  `id` int(10) UNSIGNED NOT NULL AUTO_INCREMENT,
  `id_order` int(10) NOT NULL,
  `id_product` int(11) NOT NULL,
  `quantity` int(11) NOT NULL,
  `unit_price` int(11) NOT NULL,
  `created_at` timestamp NULL DEFAULT NULL,
  `updated_at` timestamp NULL DEFAULT NULL,
  PRIMARY KEY (`id`),
  KEY `id_product` (`id_product`) USING BTREE
) ENGINE=InnoDB AUTO_INCREMENT=18 DEFAULT CHARSET=utf8mb4 COLLATE=utf8mb4_unicode_ci;

--
-- Dumping data for table `order_detail`
--

INSERT INTO `order_detail` (`id`, `id_order`, `id_product`, `quantity`, `unit_price`, `created_at`, `updated_at`) VALUES
(1, 1, 59, 2, 149000, '2018-05-09 07:10:10', '2018-05-09 07:10:10'),
(2, 2, 4, 2, 43000, '2018-05-09 07:12:36', '2018-05-09 07:12:36'),
(5, 4, 56, 1, 199000, '2018-05-23 05:13:32', '2018-05-23 05:13:32'),
(7, 6, 11, 2, 66000, '2018-05-23 05:24:09', '2018-05-23 05:24:09'),
(8, 6, 12, 1, 80000, '2018-05-23 05:24:09', '2018-05-23 05:24:09'),
(9, 7, 56, 1, 199000, '2018-05-23 07:31:34', '2018-05-23 07:31:34'),
(10, 7, 57, 1, 149000, '2018-05-23 07:31:34', '2018-05-23 07:31:34'),
(12, 9, 8, 1, 89500, '2018-05-23 10:06:04', '2018-05-23 10:06:04'),
(13, 9, 9, 2, 54000, '2018-05-23 10:06:04', '2018-05-23 10:06:04'),
(14, 9, 15, 1, 49000, '2018-05-23 10:06:04', '2018-05-23 10:06:04'),
(15, 10, 56, 1, 199000, '2018-05-23 16:47:07', '2018-05-23 16:47:07'),
(16, 11, 55, 1, 199000, '2018-05-23 16:50:23', '2018-05-23 16:50:23'),
(17, 11, 54, 1, 99000, '2018-05-23 16:50:23', '2018-05-23 16:50:23');

-- --------------------------------------------------------

--
-- Table structure for table `password_resets`
--

DROP TABLE IF EXISTS `password_resets`;
CREATE TABLE IF NOT EXISTS `password_resets` (
  `email` varchar(191) COLLATE utf8mb4_unicode_ci NOT NULL,
  `token` varchar(191) COLLATE utf8mb4_unicode_ci NOT NULL,
  `created_at` timestamp NULL DEFAULT NULL,
  KEY `password_resets_email_index` (`email`)
) ENGINE=MyISAM DEFAULT CHARSET=utf8mb4 COLLATE=utf8mb4_unicode_ci;

-- --------------------------------------------------------

--
-- Table structure for table `payment`
--

DROP TABLE IF EXISTS `payment`;
CREATE TABLE IF NOT EXISTS `payment` (
  `id` int(10) UNSIGNED NOT NULL AUTO_INCREMENT,
  `name` varchar(191) COLLATE utf8mb4_unicode_ci NOT NULL,
  `created_at` timestamp NULL DEFAULT NULL,
  `updated_at` timestamp NULL DEFAULT NULL,
  PRIMARY KEY (`id`)
) ENGINE=InnoDB DEFAULT CHARSET=utf8mb4 COLLATE=utf8mb4_unicode_ci;

-- --------------------------------------------------------

--
-- Table structure for table `products`
--

DROP TABLE IF EXISTS `products`;
CREATE TABLE IF NOT EXISTS `products` (
  `id` int(10) UNSIGNED NOT NULL AUTO_INCREMENT,
  `name` varchar(191) COLLATE utf8mb4_unicode_ci NOT NULL,
  `id_category` int(4) NOT NULL,
  `author` varchar(191) COLLATE utf8mb4_unicode_ci NOT NULL,
  `publisher` varchar(191) COLLATE utf8mb4_unicode_ci NOT NULL,
  `unit_price` float NOT NULL,
  `promotion_price` float NOT NULL,
  `amount` int(11) NOT NULL,
  `pages` int(11) NOT NULL,
  `book_size` varchar(191) COLLATE utf8mb4_unicode_ci NOT NULL,
  `image` varchar(255) COLLATE utf8mb4_unicode_ci NOT NULL,
  `year_publish` int(11) NOT NULL,
  `description` text COLLATE utf8mb4_unicode_ci NOT NULL,
  `new` tinyint(4) DEFAULT '0',
  `created_at` timestamp NULL DEFAULT NULL,
  `updated_at` timestamp NULL DEFAULT NULL,
  PRIMARY KEY (`id`),
  KEY `products_category_id_foreign` (`id_category`)
) ENGINE=InnoDB AUTO_INCREMENT=113 DEFAULT CHARSET=utf8mb4 COLLATE=utf8mb4_unicode_ci;

--
-- Dumping data for table `products`
--

INSERT INTO `products` (`id`, `name`, `id_category`, `author`, `publisher`, `unit_price`, `promotion_price`, `amount`, `pages`, `book_size`, `image`, `year_publish`, `description`, `new`, `created_at`, `updated_at`) VALUES
(1, 'Nuôi Con Mới Thấu', 1, 'Amber Dusick', 'Nhà Xuất Bản Phụ Nữ', 129000, 99000, 1, 214, '15 x 23 cm', 'nuoi con moi thau.jpg', 2018, 'Nuôi Con Mới Thấu  \"Nếu bạn là một người mẹ, haowjc thậm chí chỉ là có mẹ hoặc biết đến một người mẹ, bạn sẽ thấy thích cuốn sách này. Chắc chắn không thể không thích. Tôi thách bạn không thích đấy\" - Jill Smokler  Dĩ nhiên, bạn thích làm mẹ. Nhưng tỉnh thoảng, làm mẹ bực bội lắm. Tôi biết. Tôi là Amber Dusick và tôi bắt đầu viết nhật lý mạng \"Nuôi con mới thấu\" sách nuôi dạy con được minh họa xấu hoắc, bởi tôi cần có một nơi để khoe những chuyện vui (và trút bỏ nỗi bực dọc) diễn ra hàng ngày trong vai trò một người mẹ. Hóa ra, ị đùn là vui khôn tả! Ít nhát cũng là khi bạn không phải là người lau chùi.  Cuốn sách này sẽ không giúp cho những khoảnh khắc chán nản của bạn dễ chịu hơn được tí nào đâu. Song, hy vọng rằng các câu chuyện kể về hai cậu con trai Cú Nhớn, Cú Bé và ông xã Cú Bố của tôi sẽ khiến bạn phải bật cười. Bạn không hề đơn độc. Và đôi khi, những khoảnh khắc tệ hại nhất lại mang đến cho bạn những ký ức tuyệt vời nhất. Làm mẹ thật diệu kỳ! Và tương tự thế, ừm, bạn biết mà.', 0, NULL, '2018-05-22 09:17:04'),
(2, 'Cha Mẹ Nhật Nuôi Dạy Con Gái\r\n', 1, 'Morotomi Yoshihiko', 'Nhà Xuất Bản Phụ Nữ', 46000, 35420, 1, 175, '14 x 20.5 cm\r\n', 'cha me nhat nuoi day con gai.jpg', 2018, 'Cha Mẹ Nhật Nuôi Dạy Con Gái  Bộ sách Cha mẹ Nhật nuôi dạy con giới thiệu đến độc giả những phương pháp cơ bản dạy con hiệu quả, đầy ắp tình yêu và hạnh phúc.  Dạy con khả năng kết bạn Khả năng tự thể hiện con người đúng như bản thân con muốn Khả năng gượng dậy làm lại khi gặp hoàn cảnh khó khăn Điều cơ bản hơn hết trong việc dạy con, đó là \"tình yêu và hạnh phúc\" của chính bản thân người mẹ. Dù có bất cứ chuyện gì, nhưng lòng mẹ không lay chuyển, luôn giữ thái độ ôn hòa ổn định, tâm trạng ngập tràn hạnh phúc, thì sẽ truyền tới con mình được rất nhiều tình yêu thương. Đối với con trẻ, không có điều gì quan trọng hơn thế.', 0, NULL, NULL),
(3, 'Cha Mẹ Nhật Nuôi Dạy Con Trai\r\n', 1, 'Morotomi Yoshihiko\r\n', 'Nhà Xuất Bản Phụ Nữ\r\n', 48000, 36960, 1, 180, '14 x 20.5 cm\r\n', 'cha me nhat nuoi day con trai.jpg', 2018, 'Cha Mẹ Nhật Nuôi Dạy Con Trai  Bộ sách Cha mẹ Nhật nuôi dạy con giới thiệu đến độc giả những phương pháp cơ bản dạy con hiệu quả, đầy ắp tình yêu và hạnh phúc.  Dạy con khả năng kết bạn Khả năng tự thể hiện con người đúng như bản thân con muốn Khả năng gượng dậy làm lại khi gặp hoàn cảnh khó khăn', 0, NULL, NULL),
(4, 'Cha Mẹ Nhật Nuôi Dạy Con Một\r\n', 1, 'Morotomi Yoshihiko\r\n', 'Nhà Xuất Bản Phụ Nữ\r\n', 43000, 33110, 1, 163, '14 x 20.5 cm\r\n', 'cha me nhat nuoi day con mot.jpg', 2018, 'Cha Mẹ Nhật Nuôi Dạy Con Một  Bộ sách Cha mẹ Nhật nuôi dạy con giới thiệu đến độc giả những phương pháp cơ bản dạy con hiệu quả, đầy ắp tình yêu và hạnh phúc.  Dạy con khả năng kết bạn Khả năng tự thể hiện con người đúng như bản thân con muốn Khả năng gượng dậy làm lại khi gặp hoàn cảnh khó khăn', 1, NULL, NULL),
(5, 'Thế Giới Cổ Tích Nhật Bản\r\n', 4, 'Hatsue Nakawaki, Michinori Naro\r\n', 'Nhà Xuất Bản Thế Giới\r\n', 89000, 53400, 1, 256, '14.5 x 20.5 cm\r\n', 'the gioi co tich.jpg', 2018, 'Thế Giới Cổ Tích Nhật Bản\r\nThế giới Cổ tích Nhật Bản mang đến 38 câu chuyện cổ tích nơi vương quốc Hata cổ với những nhân vật chân thành, tốt bụng, cùng lời kể mộc mạc… là những bài học giá trị về tình thương giữa người – người, cái thiện – cái ác, … nhắc nhở mỗi độc giả nhí rằng:\r\nCần sống có trách nhiệm, trước hết là trách nhiệm với chính mình như trong câu chuyện “Ông lão bán hương và lãnh chúa”', 0, NULL, NULL),
(6, 'Kiên Nhẫn Và Yêu Thương\r\n', 4, 'Yvon ROY\r\n', 'Nhà Xuất Bản Tổng hợp TP.HCM\r\n', 84000, 50400, 2, 164, '14.5 x 20.5 cm\r\n', 'kien nhan va yeu thuong.jpg', 2018, 'Kiên Nhẫn Và Yêu Thương\r\nMột câu chuyện có thật, làm lay động lòng người về một ông bố đơn thân cùng con vượt qua chứng bệnh tự kỷ.\r\nSẽ không quá lời nếu nói rằng Kiên nhẫn và yêu thương là một tác phẩm xuất sắc trong việc truyền cảm hứng cho những người không may có con mắc căn bệnh nan giải của thời đại: chứng tự kỷ. Sách chứng minh cho các bậc cha mẹ rằng thách thức lớn nhất trong cuộc chiến này chính là tình yêu vô điều kiện, cho dù chúng ta được trao cho đứa trẻ như thế nào.', 0, NULL, NULL),
(7, 'Viết Cho Những Điều Bé Nhỏ', 4, 'Đoàn Công Lê Huy', 'Nhà Xuất Bản Kim Đồng', 28000, 16800, 2, 140, '12 x 17 cm', 'viet cho nhung dieu.jpg', 2018, 'Viết Cho Những Điều Bé Nhỏ: Tôi Muốn Hỏi Em: Về Sau Thế Nào?Từ bỏ thời cổ đại với niềm tin trời tròn đất vuông, với đấng hoá công huyền diệu và con người nhỏ nhoi trong cổ tích, loài người đã đứng lên và bước tới bằng đôi hài bảy dặm. Con người đi vòng quanh thế giới để săm soi Quả Đất tròn. Con người mạnh hơn sức hút Quả Đất bằng đôi cánh Icarus. Rồi con người bay vào bầu trời, bay ra ngoài không gian.Một ý-chí-Người kì diệu. Một tinh-thần-Người quật cường. Một sức mạnh-Người vô song thắng mọi đêm tối mù loà để chinh phục tự nhiên.', 1, NULL, '2018-05-23 05:43:57'),
(8, 'Dạy Con Kiểu Nhật: 5 Thói Quen & 8 Trò Chơi Để Con Thông Minh Hơn', 1, 'Shinohara Kikunori', 'Nhà Xuất Bản Lao Động Hà Nội', 119000, 89500, 10, 220, '13 x 19 cm', 'day con kieu nhat 5 thoi quen.jpg', 2018, 'Dạy Con Kiểu Nhật: 5 Thói Quen & 8 Trò Chơi Để Con Thông Minh Hơn\r\n\r\nCuốn sách đã từng gây tiếng vang lớn trên toàn Nhật Bản!\r\n\r\n\"Trẻ con thông minh có phải được quyết định bởi yếu tố di truyền không?\"\r\n\r\n\"Tại sao con tôi luôn bị điểm kém?\" \r\n\r\nLà những câu hỏi mà các bậc phụ huynh thường nhờ tư vấn\r\n\r\nThực tế là trẻ có thông minh hay không không phải do yếu tố di truyền mà sẽ thay đổi lớn theo cách nuôi dạy của bố mẹ.\r\n\r\nNão bộ chúng là một bộ máy vô cùng đặc biệt. Nó có thể thay đổi linh hoạt về cấu tạo hay phát truyền các tín hiệu sao cho phù hợp với hoàn cảnh và môi trường. Nó cũng chịu ảnh hưởng mạnh mẽ từ các yếu tố bên ngoài.\r\n\r\nCó nghĩa là: Một cái đầu thông minh hay không, không phải được quyết định từ lúc đứa trẻ sinh ra, mà sẽ thay đổi do phương pháp nuôi dạy, do môi trường sinh hoạt và do cả sự thích nghi của bản thân đứa trẻ.\r\n\r\nVậy đâu là bản chất của sự thông minh?', 0, NULL, '2018-05-23 10:06:04'),
(9, 'Dạy Con Kiểu Nhật - Giai Đoạn Trẻ 1 Tuổi', 1, 'Kubota Kisou', 'Nhà Xuất Bản Lao Động', 79000, 54000, 52, 80, '20.7 x 25.5 cm', 'day con kieu nhat giai doan 1 tuoi.jpg', 2018, 'Dạy Con Kiểu Nhật - Giai Đoạn Trẻ 1 Tuổi\r\n\r\nLà cha mẹ, ai cũng mong muốn con mình thông minh. Tuy nhiên, con cái học giỏi không có nghĩa đã là thiên tài. Trong quá trình trưởng thành điều quan trọng đối với con người không chỉ là có trí thức mà còn là có trí tuệ. Đó là khả năng độc lập suy nghĩ, thông cảm với mọi người, có tính xã hội. Nếu có trí tuệ ắt sẽ có kiến thức. Cuốn sách này sẽ giới thiệu phương pháp để trẻ trở thành thiên tài với trí tuệ phi thường. Bạn hãy kiên trì đừng cho rằng “không thể” và bỏ cuộc. Khả năng của trẻ cao hơn chúng ta tưởng. Đối với việc giáo dục trẻ 0 tuổi cần phải tăng cường gây kích thích cho trẻ, giúp hình thành mối liên kết (khớp thần kinh) giữa các tế bào thần kinh đã được hình thành từ trong bào thai để tạo nên các mạch thần kinh. Còn việc giáo dục trẻ 1 tuổi điều quan trọng là giúp trẻ có thể làm được những điều mới. Để làm được như vậy, chúng ta cần giúp trẻ sử dụng các mạch thần kinh đã hình thành làm tăng số lượng khớp thần kinh hơn nữa để trẻ có thể sử dụng tay, chân, miệng một cách thành thạo.', 0, NULL, '2018-05-23 10:06:04'),
(10, 'Dạy Con Kiểu Nhật - Giai Đoạn Trẻ 0 Tuổi', 1, 'Kubota Kisou', 'Nhà Xuất Bản Lao Động', 79000, 54000, 54, 80, '20.7 x 25.5 cm', 'day con kieu nhat giai doan 0 tuoi.jpg', 2018, 'Dạy Con Kiểu Nhật - Giai Đoạn Trẻ 0 Tuổi\r\n\r\nMọi đứa trẻ sinh ra đều có thể trở thành thiên tài nếu chúng nhận được sự giáo dục đúng cách từ sớm. Và cha mẹ - những bậc sinh thành, tiếp xúc thường xuyên nhất với trẻ - là người có thể thực hiện việc này tốt hơn cả. Việc giáo dục trẻ cần được bắt đầu ngay từ khi bé chưa được 1 tuổi chứ không phải đợi đến lúc lớn lên. Đó không phải là một nhiệm vụ quá khó khăn bởi vào giai đoạn này, bạn có thể dạy con mình ngay từ chính những hoạt động tiếp xúc khi bạn cưng chiều hay vui đùa với bé.\r\n\r\nCuốn sách “Dạy Con Kiểu Nhật - Giai Đoạn Trẻ 0 Tuổi” sẽ giúp những ông bố, bà mẹ tương lai tìm ra và ứng dụng hiệu quả phương pháp nuôi nấng những thiên thần của mình trưởng thành vững chắc và phát triển đầy đủ mọi tiềm năng của bé. Nó chứa đựng những kiến thức cơ bản, được diễn đạt dễ hiểu về đặc điểm sinh học của bé trong giai đoạn trước khi đầy năm. Từ những kiến thức nền tảng ấy, tác giả cung cấp cho các bậc phụ huynh những bài học, trò chơi thú vị để rèn luyện năng lực trí tuệ và phản xạ cho trẻ. Cuốn “Dạy Con Kiểu Nhật - Giai Đoạn Trẻ 0 Tuổi” nằm trong bộ 3 cuốn sách dạy con của giáo sư Kubota Kisou (hai cuốn còn lại là: DẠY CON KIỂU NHẬT – GIAI ĐOẠN TRẺ 1 TUỔI và DẠY CON KIỂU NHẬT – GIAI ĐOẠN TRẺ 2 TUỔi).\r\n\r\nĐây là bộ sách cần có trong tủ của bất cứ ông bố, bà mẹ nào muốn tạo dựng nền móng ban đầu tốt nhất cho con em mình.', 0, NULL, NULL),
(11, 'Con Tròn Giấc Đêm, Mẹ Thêm Hạnh Phúc', 1, 'Etsuko Shimizu', 'Nhà Xuất Bản Phụ Nữ', 89000, 66000, 64, 218, '13 x 19 cm', 'con tron giac dem.jpg', 2018, 'Con Tròn Giấc Đêm, Mẹ Thêm Hạnh Phúc\r\n\r\nTrẻ khóc đêm thì có thể khắc phục được không?\r\n\r\nTại sao trẻ lại khóc đêm dai dẳng?\r\n\r\nTrẻ đang bệnh hay có điều gì đó trẻ muốn truyền đạt tới mẹ?\r\n\r\nTất cả những trăn trở của các bà mẹ có con khóc đêm đều sẽ được giải đáp trong cuốn Con tròn giấc đêm, mẹ thêm hạnh phúc của Shimizu.\r\n\r\nCó rất nhiều trẻ em trong giai đoạn mới sinh kéo dài đến tận ba tuổi cứ liên tục khóc đêm. Dù các mẹ đã làm đủ cách từ cho bú, thay tã đến ẵm bồng dỗ dành thì tình hình vẫn không có chút khả quan. Nếu không được khắc phục kịp thời cả mẹ và bé đều cảm thấy mệt mỏi dẫn đến tình trạng căng thẳng kéo dài và có thể đó là nguyên nhân dẫn đến căn bệnh trầm cảm sau sinh của các mẹ.\r\n\r\nCon tròn giấc đêm, mẹ thêm hạnh phúc được viết bởi “Chuyên viên chăm sóc trẻ khóc đêm” đến từ Nhật Bản nên đặc biệt phù hợp với các bà mẹ ở khu vực châu Á. Cuốn sách được viết dựa trên sự kết hợp giữa lĩnh vực y học và tâm lí học, được áp dụng và thu được kết quả tích cực. Cuốn sách không chỉ hướng dẫn các bà mẹ lên kế hoạch cụ thể cho giấc ngủ của trẻ, cách tìm hiểu và giải quyết việc trẻ khóc đêm mà còn là bản đồ giải đáp các thắc mắc xung quanh việc nuôi dạy trẻ như sữa mẹ và sữa ngoài, cách cho bé bú và những vấn đề của ti mẹ…', 0, NULL, '2018-05-23 05:24:09'),
(12, 'Tình Yêu Và Những Giới Hạn Của Cha Mẹ Trong Nuôi Dạy Con', 1, 'Robin Berman MD', 'Nhà Xuất Bản Hồng Đức', 115000, 80000, 79, 295, '13.5 x 21 cm', 'tinh yeu va nhung.jpg', 2018, 'Tình Yêu Và Những Giới Hạn Của Cha Mẹ Trong Nuôi Dạy Con\r\n\r\nNhiều người cả đời khao khát có được những ông bố bà mẹ yêu thương, gắn bó mà họ không bao giờ có. Là một bác sĩ tâm lý, tôi luôn cảm thấy rất buồn khi bệnh nhân vừa khóc vừa kể về những câu chuyện đáng buồn trong thời thơ ấu của họ cũng như tác động tiêu cực củ chúng lên cuộc sống của họ sau này. Đã nhiều lần tôi ước ao tằng mình có được cây đũa thần, quay ngược lại thời gian và biến đổi những khoảnh khắc ấy - trước khi chúng ảnh hưởng đến người có liên quan, đến cách họ nhìn nhận bản thân và thế giưới xung quanh.\r\n\r\nTôi mong cuốn sách này sẽ trở thành câu đữa thần của bạn - một công cụ mà bạn có thể sử dụng để trở thành ông bố bà mẹ mà con bạn hằng khao khát.', 0, NULL, '2018-05-23 05:24:09'),
(13, 'Dạy Con Thành Công Hơn Cả Mẹ Hổ', 1, 'Maya Thiagarajan', 'Nhà Xuất Bản Phụ Nữ', 95000, 71000, 71, 300, '15.5 x 23.5 cm', 'day con thanh cong.jpg', 2018, 'Dạy Con Thành Công Hơn Cả Mẹ Hổ - Phương Pháp Dạy Con Đông Tây Kết Hợp Trong Kỷ Nguyên Toàn Cầu Hóa\r\n\r\nDạy con thành công hơn cả Mẹ Hổ của tác giả Maya Thiagarajan, do Huyền Trang - Thuỷ Tiên dịch, có nội dung về một người mẹ và là một giáo vên, người đã sinh sống và làm việc ở cả Mỹ và châu Á, Maya Thiagarajan đã quá quen thuộc với sự khác biệt ở cách tiếp cận của phương Đông và phương Tây trong việc làm cha mẹ và giáo dục con cái. Trong cuốn sách này, bà không chỉ phỏng vấn các phụ huynh châu Á về những giá trị, hy vọng và nỗi sợ hãi của họ mà còn tổng hợp một số lượng lớn các nghiên cứu về giáo dục.', 0, NULL, NULL),
(14, 'Cha Mẹ Vô Điều Kiện', 1, 'Alfie Kohn', 'Nhà Xuất Bản Phụ Nữ', 129000, 104000, 104, 452, '14.5 x 20.5 cm', 'cha me vo dieu kien.jpg', 2018, 'Cha mẹ vô điều kiện là cuốn sách sẽ khiến cha mẹ có cái nhìn hoàn toàn khác về tình yêu thương dành cho con trẻ.\r\n\r\nThực tế, chúng ta có xu hướng yêu quý những đứa trẻ ngoan ngoãn, biết vâng lời hơn là những đứa trẻ nghịch ngợm. Cũng giống như việc chúng ta thường hay thỏa thuận với trẻ rằng nếu con không ngồi yên mẹ sẽ không cho con đi siêu thị nữa, nếu con không trật tự thì con sẽ không được ăn tối... Tất cả những điều đó đã vô tình khiến chúng ta đã đặt điều kiện cho thứ tình yêu vốn thiêng liêng và thuần khiết nhất.\r\n\r\nPhụ huynh nào cũng từng dùng hình phạt để dạy bảo con, nhưng đã bao giờ họ tự hỏi việc dùng hình phạt có giúp trẻ tiến bộ và hiệu quả lâu dài hay không? Và nếu việc dùng hình phạt có hiệu quả thật thì tại sao cha mẹ phải dùng đi dùng lại nó mãi, thậm chí với cấp độ phạt nặng hơn?', 0, NULL, NULL),
(15, 'Nuôi Dạy Bé Gái Từ 0 - 6 Tuổi ', 1, 'Ai Terasaki', 'Nhà Xuất Bản Lao Động', 65000, 49000, 48, 236, '13 x 19 cm', 'nuoi day be gai tu 0 6 tuoi.jpg', 2018, 'Nuôi Dạy Bé Gái Từ 0 - 6 Tuổi \r\n\r\nTác giả của cuốn sách Nuôi dạy bé gái từ 0 – 6 tuổi là người đã có 20 năm nghiên cứu về sự trưởng thành của trẻ em, quan sát 12.000 trẻ ở nhiều độ tuổi khác nhau, từ em bé sơ sinh cho đến sinh viên đại học. Từ kinh nghiệm thực tiễn và nghiên cứu tác giả đã đúc kết được những điều quan trọng đối với sự phát triển của trẻ rằng:\r\n\r\nNgay từ khi sinh ra, giữa bé trai và bé gái đã có những đặc trưng khác nhau cả về não bộ cũng như hệ thần kinh vận động. Do vậy cách giáo dục cũng sẽ khác nhau. Nếu nắm được điểm mấu chốt trong cách nuôi dạy cho từng bé thì bố mẹ có thể phát triển năng lực của trẻ một cách toàn diện.', 0, NULL, '2018-05-23 10:06:04'),
(16, 'Nuôi Dạy Bé Trai Từ 0 - 6 Tuổi ', 1, 'Ai Terasaki', 'Nhà Xuất Bản Lao Động', 59000, 45000, 45, 216, '13 x 19 cm', 'nuoi day be trai tu 0 6 tuoi.jpg', 2018, 'Nuôi Dạy Bé Trai Từ 0 - 6 Tuổi\r\n\r\nTác giả của cuốn sách Nuôi dạy bé trai từ 0 – 6 tuổi là người đã có 20 năm nghiên cứu về sự trưởng thành của trẻ em, quan sát 12.000 trẻ ở nhiều độ tuổi khác nhau, từ em bé sơ sinh cho đến sinh viên đại học. Từ kinh nghiệm thực tiễn và nghiên cứu tác giả đã đúc kết được những điều quan trọng đối với sự phát triển của trẻ rằng:\r\n\r\nNgay từ khi sinh ra, giữa bé trai và bé gái đã có những đặc trưng khác nhau cả về não bộ cũng như hệ thần kinh vận động. Do vậy cách giáo dục cũng sẽ khác nhau. Nếu nắm được điểm mấu chốt trong cách nuôi dạy cho từng bé thì bố mẹ có thể phát triển năng lực của trẻ một cách toàn diện.', 0, NULL, NULL),
(17, 'Sáng Tạo Không Áp Đặt - 12 Bí Quyết Nuôi Dạy Con Tư Duy Độc Lập', 1, 'Emma Lively', 'Nhà Xuất Bản Văn Hóa - Văn Nghệ', 119000, 83000, 83, 344, '14 x 20.5 cm', 'sang tao khong ap dat.jpg', 2018, 'Sáng Tạo Không Áp Đặt - 12 Bí Quyết Nuôi Dạy Con Tư Duy Độc Lập\r\n\r\nĐã có lần nào bạn lắng nghe lời con tỉ tê “một cách hiệu quả” chưa? Đã bao giờ bạn tôn trọng sở thích của con chưa, hay bạn chỉ muốn “gò” con trở thành người có sở thích, ước mơ theo ý bạn? Đã khi nào bạn không tán thưởng khích lệ những ý tưởng, hoài bão của con vì theo bạn nó hết sức “vớ vẩn” chưa? Có phải bạn từng có suy nghĩ phó thác toàn bộ công cuộc ươm mầm hạt giống của mình cho nhà trường, vốn chỉ coi trọng khuôn mẫu và thành tích, nhưng trong thâm tâm lại muốn con trở thành một con người có khả năng tư duy độc lập, giải quyết vấn đề một cách sáng tạo, hiệu quả, có khả năng làm chủ công việc và cuộc sống của mình mà không rập khuôn? Bạn có nhận thấy mình đang tự mâu thuẫn hay không? Vậy thì đây là cuốn sách dành cho bạn.', 0, NULL, NULL),
(18, 'Cẩm Nang Bố Mẹ Thông Thái - Nuôi Dạy Con Gái', 1, 'Lu Peng Cheng', 'Nhà Xuất Bản Kim Đồng', 45000, 33000, 33, 216, '13 x 19 cm', 'cam nang bo me thong thai.jpg', 2018, 'Cẩm Nang Bố Mẹ Thông Thái - Nuôi Dạy Con Gái\r\n\r\nCác bé gái ngày hôm nay chính là những bà mẹ trong tương lai. Nuôi dạy con gái thành người hoàn thiện, hạnh phúc là trách nhiệm cao cả của các bậc cha mẹ.\r\n\r\nCuốn sách này đúc kết ra các tuyệt chiêu dạy con gái theo nguyên tắc không nuông chiều, từ các phương diện: trau dồi các phẩm chất đạo đức tốt đẹp, nuôi dưỡng vẻ đẹp thanh tao, trau dồi tâm hồn và trí tuệ hoàn thiện, không ngừng nâng cao năng lực của bản thân, gặt hái nhiều thành quả trong việc học, xây cây cầu nối giữa mẹ và con, giúp con vững vàng vượt qua giai đoạn dậy thì… ', 0, NULL, NULL),
(19, 'Mẹ Nhật Truyền Cảm Hứng Học Cho Con Như Thế Nào', 1, 'Sugahara Yuko', 'Nhà Xuất Bản Lao Động', 89000, 66000, 66, 232, '13 x 19 cm', 'me nhat truyen cam hung hoc.jpg', 2018, 'Mẹ Nhật Truyền Cảm Hứng Học Cho Con Như Thế Nào? (Tủ Sách Cha Mẹ Giỏi, Con Thông Minh) - Tái Bản 2018\r\n \r\nBất cứ người cha, người mẹ nào cũng mong muốn điều tốt nhất cho con nên mới khuyến khích, bảo ban con học tập. Tuy nhiên, nếu áp dụng sai phương pháp sẽ khiến trẻ mất đi hứng thú và động lực, tạo ra cảm giác ghét luyện tập, ghét học bài. Vì vậy, trước khi trẻ hiểu được lý do của việc “tại sao lại phải học bài?”, nghĩa vụ của cha mẹ là phải biến việc học tập trở thành một thói quen. Trong cuốn sách này, tác giả sẽ giới thiệu những phương pháp để rèn luyện hứng thú và động lực học cho trẻ thông qua các ví dụ về việc học bài ở nhà.\r\nHy vọng cuốn sách sẽ hữu ích đối với những bậc cha mẹ đang quyết tâm bồi dưỡng húng thú học tập cho con một cách đúng đắn.', 0, NULL, NULL),
(20, 'Ăn Dặm Không Nước Mắt', 1, 'Nguyễn Thị Ninh', 'Nhà Xuất Bản Thế Giới', 105000, 76000, 76, 176, '13 x 19 cm', 'an dam khong nuoc mat.jpg', 2018, 'Ăn dặm không nước mắt\r\n\r\nThế nào là ăn dặm không nước mắt? Là khi con không khóc vì bị ép ăn và mẹ không khóc vì con bỏ bữa. Là khi con hào hứng trước mỗi bữa ăn và mẹ hạnh phúc thấy con ăn hết phần đồ ăn mẹ làm. Cuốn sách Ăn dặm không nước mắt của mẹ Xoài, một người mẹ Việt nuôi con ở Nhật hẳn sẽ mang đến nhiều gợi ý. Học hỏi các bà mẹ Nhật, mẹ Xoài đã cố gắng tập cho bé Xoài thói quen ăn uống tự giác, tập trung. Mẹ Xoài cũng tôn trọng sở thích, nhu cầu và mong muốn của bé. Còn để khiến bé háu ăn và ăn được nhiều hơn, mẹ Xoài đã chế biến các món ăn thật ngon lành, đa dạng, trang trí vô cùng đẹp mắt để bé chỉ nhìn thôi đã thèm.\r\n\r\nMẹ Xoài và bé Xoài đã trải qua một thời kì ăn dặm nhẹ nhàng, thoải mái. Và mẹ Xoài nghĩ, biết đâu những kinh nghiệm của mình có thể giúp ích cho những mẹ Việt đang và sắp sửa cho con ăn dặm…', 0, NULL, NULL),
(21, 'Đếm Ngược Tới Ngày Gặp Con Yêu', 1, 'Susan Magee', 'Nhà Xuất Bản Thế Giới', 99000, 69000, 69, 392, '14 x 19.5 cm', 'dem nguoc toi ngay gap con yeu.jpg', 2018, 'Đếm ngược tới ngày gặp con yêu / Đếm ngược thai kì sẽ đồng hành với bạn trong chín tháng mang thai bằng những bí quyết thiết thực, nhừng lời khuyên hữu ích và những tiết lộ chân thật nhất về mang thai – sinh nở.\r\n\r\nCung cấp cho thai phụ nền tảng và kinh nghiệm thông qua 280 ngày đếm ngược thai kì + 14 ngày sau dự sinh với những thông tin và lời khuyên hữu ích từ sản phụ khoa hàng đầu Hoa Kì.\r\n\r\nCùng mẹ làm quen với những thay đổi tâm sinh lý trong thời kỳ mang thai\r\n\r\nTránh được những bỡ ngỡ lo lắng không đáng có về những thay đổi mới mẻ trong cơ thể khi mang thai. \r\n\r\nGiúp thai phụ biết đặt ra những đòi hỏi/ yêu cầu hợp lí đối với chồng để mối quan hệ của 2 người trong giai đoạn thai kì được duy trì tốt đẹp.\r\n\r\nCác đề mục trong sách bao gồm: Chỉ dẫn của bác sĩ, sự thật là thế đấy, những việc cần làm... đều được trình bày rõ ràng, giúp người đọc dễ theo dõi và áp dụng.', 0, NULL, NULL),
(22, 'Mẹ Cáu Giận, Con Hư Hỏng', 1, 'Fusaichi Yamazaki', 'Nhà Xuất Bản Phụ Nữ', 79000, 59000, 59, 116, '13 x 19 cm', 'me cau gian con hu hong.jpg', 2018, 'Mẹ Cáu Giận, Con Hư Hỏng\r\n\r\nKhoa học đã chứng minh rằng trong quá trình giáo dục con cái, những lời quát nạt, mắng mỏ thường xuyên không hề đem lại hiệu quả như mong muốn, thậm chí còn gây ảnh hưởng tiêu cực đối với sự hình thành nhân cách và phát triển của trẻ cũng như bầu không khí trong gia đình. Có thể khi trẻ lớn hơn một chút, những câu nói khắt khe, những lời trách mắng có lẽ sẽ trở thành một liều thuốc tốt, tạo ra áp lực vừa đủ để chúng phấn đấu học hành. Tuy nhiên, đối với những đứa trẻ đang học tiểu học và trung học, những câu nói mang tính phủ định tiêu cực chỉ làm hỏng việc.\r\n\r\nXin hãy khắc ghi trong lòng rằng: một trong những công việc của cha mẹ là khen ngợi những thành công dù vô cùng nhỏ nhoi của con. Thông qua cuốn sách Mẹ cáu giận, con hư hỏng tác giả Yamazaki Fusaichi sẽ mang đến cho bạn những kinh nghiệm quý báu để kiềm chế những cơn nóng giận, nhẹ nhàng giúp con phát huy tiềm năng của bản thân để trưởng thành một cách vui tươi, khỏe mạnh.', 0, NULL, NULL),
(23, 'Kỷ Luật Không Nước Mắt', 1, 'Chikara Oyano', 'Nhà Xuất Bản Thế Giới', 59000, 44000, 44, 132, '13 x 20.5 cm', 'ki luat khong nuoc mat.jpg', 2018, 'Kỷ Luật Không Nước Mắt (Tái Bản 2017)\r\n\r\nKhông ít bậc cha mẹ muốn ép trẻ vào khuôn khổ bằng cách la mắng vì họ tin rằng cách này thực sự hiệu quả. Song thực tế lại hoàn toàn trái ngược. Những lời trách mắng chỉ khiến trẻ cảm thấy chán ghét và mất dần niềm tin vào cha mẹ mà thôi. Thậm chí trẻ còn có thể cho rằng cha mẹ không yêu thương mình, dần dần sẽ gây ra một sự tổn thương nghiêm trọng trong tâm hồn, dẫn đến những khiếm khuyết trong nhân cách của trẻ, ảnh hưởng nghiêm trọng đến sự phát triển sau này.\r\n\r\nVì vậy, thay vì trách mắng, than thở, các bậc cha mẹ nên giúp trẻ phát huy những sở trường vốn có, khiến cho trẻ đi vào khuôn khổ một cách nhẹ nhàng nhưng thực sự hiệu quả. Khi đó, những khuyết điểm của chúng tự khắc cũng được cải thiện.', 0, NULL, NULL),
(24, 'Phương Pháp Giáo Dục Reggio Emilia', 1, 'Louise Boyd Cadwell', 'Nhà Xuất Bản Lao Động', 88000, 65000, 65, 200, '15 x 23 cm', 'phuong phap giao duc.jpg', 2018, 'Phương Pháp Giáo Dục Reggio Emilia\r\n\r\nPhương pháp Reggio Emila có nguồn gốc từ nước Ý, từ một thành phố cùng tên gọi. Mặc dù từ nước Ý kiêu sa nhưng phương pháp giáo dục này không phải là một thứ gì xa xỉ, kiểu cách đâu. Mà trái lại đây là một phương pháp giáo dục nhân văn, gần gũi, nhấn mạnh đến tầm quan trọng của giáo dục cộng đồng (community) và sự tự tìm hiểu khám phá (inquiry).\r\n\r\nReggio Emilia là phương pháp giáo dục được nhà tâm lý học người Italy, Loris Malaguzzi (1920-1994) phát triển từ những năm 40 của thế kỷ 20 sau khi chiến tranh thế giới lần thứ 2 vừa kết thúc và được đặt tên theo ngôi làng Reggio Emilia ở phía bắc Italy.\r\n\r\nMặc dù phương pháp Reggio có chung những giá trị của những phương pháp giáo dục khác đã vốn nổi tiếng như Waldorf và Montessori, nhưng phương pháp này không phải là một triết lý với hệ thống các niềm tin như các phương pháp trước. Thay vào đó, phương pháp này dựa trên những giá trị nền tảng chắc chắn về cách học của trẻ. Những giá trị này được áp dụng trong những ngôi trường khác nhau, những hoàn cảnh khác nhau, và những cách khác nhau, phù hợp với điều kiện cụ thể.\r\n\r\nTriết lý Reggio Emilia bắt nguồn từ niềm tin cho rằng trong mỗi trẻ đều chứa đựng một tiềm năng lớn và tiềm năng đó sẽ được phát triển nhờ chính trí tò mò vốn có của trẻ. Trẻ cố gắng tìm hiểu thế giới xung quanh và tự đưa ra cách riêng của mình để giải thích sự vận động của thế giới xung quanh trẻ.', 0, NULL, NULL),
(30, 'Phát Triển Khả Năng Tưởng Tượng Của Bé', 1, 'Nguyễn Hà Như', 'Nhà Xuất Bản Phương Đông', 45000, 36000, 36, 76, '19 x 27 cm', 'phat trien kha nang tuong tuong.jpg', 2018, 'Phát Triển Khả Năng Tưởng Tượng Của Bé\r\n\r\nTập hợp những câu hỏi, kèm theo hình vẽ minh họa đầy màu sắc hấp dẫn giúp các bé phát triển khả năng ghi nhớ, tưởng tưởng, nhận biết, chú ý, quan sát, tư duy.', 0, NULL, NULL),
(31, 'Phát Triển Khả Năng Quan Sát Của Bé', 1, 'Nguyễn Hà Như', 'Nhà Xuất Bản Phương Đông', 45000, 36000, 36, 76, '19 x 27 cm', 'phat trien kha nang quan sat.jpg', 2018, 'Phát Triển Khả Năng Quan Sát Của Bé\r\n\r\nTập hợp những câu hỏi, kèm theo hình vẽ minh họa đầy màu sắc hấp dẫn giúp các bé phát triển khả năng ghi nhớ, tưởng tưởng, nhận biết, chú ý, quan sát, tư duy.', 0, NULL, NULL),
(32, 'Phát Triển Khả Năng Nhận Biết Của Bé', 1, 'Nguyễn Hà Như', 'Nhà Xuất Bản Phương Đông', 45000, 36000, 36, 76, '19 x 27 cm', 'phat trien kha nang nhan biet.jpg', 2018, 'Phát Triển Khả Năng Nhận Biết Của Bé\r\n\r\nTập hợp những câu hỏi, kèm theo hình vẽ minh họa đầy màu sắc hấp dẫn giúp các bé phát triển khả năng ghi nhớ, tưởng tưởng, nhận biết, chú ý, quan sát, tư duy.', 0, NULL, NULL),
(33, 'Tại Sao Con Bạn Không Nghe Lời', 1, 'Junichi Izumikawa', 'Nhà Xuất Bản Phụ Nữ', 78000, 54000, 54, 283, '13.5 x 20.5 cm', 'tai sao con ban khong nghe loi.jpg', 2018, 'Tại Sao Con Bạn Không Nghe Lời - 9 Nguyên Tắc Nuôi Dạy Con Thành Công - Cuốn sách kì diệu giúp cho mọi đứa trẻ nghe lời!\r\n\r\nNuôi dưỡng tạo niềm tin cho trẻ, giáo dục nâng cao khả năng tự khẳng định chính mình\r\nCân bằng 3 yếu tố trí tuệ - đạo đức - thể chất\r\nThay đổi chính mình, xóa bỏ tính nóng vội thông qua các hoạt đông ngoài trời\r\nSử dụng nguyên tắc (bình tĩnh, gần gũi, nhẹ nhàng)\r\nHiệu quả tức thì, kỹ năng phá vỡ kỷ lục\r\nNếu sử dụng thử, áp lực của bố mẹ bằng 0\r\nPhương pháp cho trẻ thoát khỏi các trò chơi điện tử, mạng xã hội, line trên mạng internet\r\nQuyển sách này không chỉ giới thiệu cách thực hiện \"9 nguyên tắc nuôi dậy con cái\" mà còn là sợi dậy liên kết giữa mẹ và con.', 0, NULL, NULL),
(34, 'Bố Mẹ Cũng Từng Là Trẻ Con - Giúp Con Say Giấc Cả Đêm', 1, 'Madeleine Deny', 'Nhà Xuất Bản Thế Giới', 45000, 31000, 31, 104, '14.5 x 20.5 cm', 'bo me cung tung la tre con.jpg', 2018, 'Bố Mẹ Cũng Từng Là Trẻ Con - Giúp Con Say Giấc Cả Đêm\r\n\r\nBố mẹ cũng từng là trẻ con, từng khóc lóc ăn vạ, từng ăn uống vô độ, không tuân thủ giờ giấc, từng sợ hãi khi xa rời vòng tay của người thân, từng ghét phải đi học hay có những cơn cáu giận vô cớ. Thế nên, nếu bây giờ trẻ có những biểu hiện giống y hệt như chúng ta lúc nhỏ thì bố mẹ cũng đừng tức giận, bởi ai cũng từng là trẻ con.\r\n\r\nLà tác giả của hơn 100 cuốn sách viết cho trẻ em theo cách viết rất mới và là chuyên gia về các trò chơi giáo dục, Madeleine Deny đã quan sát rất tỉ mỉ các mối quan hệ giữa bố mẹ và con cái. Giờ đây, cô viết sách cho các bậc phụ huynh để chia sẻ với họ những kinh nghiệm của mình.', 0, NULL, NULL),
(35, 'Cùng Con Nhận Biết Và Phòng Chống Bạo Hành', 1, 'Đậu Quyên', 'Nhà Xuất Bản Thế Giới', 69000, 48000, 48, 80, '19.5 x 20.5 cm', 'cung con nhan biet va phong chong.jpg', 2018, 'Cùng Con Nhận Biết Và Phòng Chống Bạo Hành - Con Yêu, Bố Mẹ Luôn Ở Đây!\r\n\r\nMỗi bố mẹ, thầy cô đều là một chuyên gia (dành cho bố mẹ, thầy vô giáo và trẻ em dưới 16 tuổi).\r\n\r\nCuốn sách này vì sự an toàn của con bạn mà xuất bản! – Từ ekip sản xuất cuốn sách ăn khác nhất 2017 với hơn 100.000 bản in: 30 ngày cùng con học hiểu về chống xâm hại.', 0, NULL, NULL),
(36, 'Chậm Lại Cùng Con Thưởng Thức Thời Thơ Ấu', 1, 'Nhiêu Tuyết Lị', 'Nhà Xuất Bản Lao Động', 85000, 59000, 59, 350, '14.5 x 20.5 cm', 'cham lai cung con.jpg', 2017, 'Chậm Lại Cùng Con Thưởng Thức Thời Thơ Ấu\r\n\r\nĐây là cuốn sách nói về cách cha mẹ làm thế nào để giáo dục và bầu bạn cùng con cái. Cuốn sách ghi chép lại 73 việc nhỏ mà cha mẹ có thể làm cùng con, là những lời khuyên ân cần, nhẹ nhàng cho các bậc phụ huynh cùng con cái vun đắp tình cảm. Trong từng thời khắc thơ ấu, trong mỗi một câu chuyện vụn vặt hằng ngày, cha mẹ nên bầu bạn cùng con thế nào như đọc sách, đi dạo, xem phim, chia sẻ đồ ăn, ngắm nhìn màu sắc bầu trời,… từng việc từng việc nhỏ gom góp lại thành một cuốn sổ tình yêu.', 0, NULL, NULL),
(37, 'Bố Mẹ Đã Cưa Đổ Tớ', 1, 'Đỗ Nhật Nam', 'Nhà Xuất Bản Lao Động', 65000, 44000, 44, 205, '18 x 18 cm', 'bo me da cua.jpg', 2017, 'Bố Mẹ Đã Cưa Đổ Tớ (Tái Bản)\r\n\r\nĐỗ Nhật Nam của ngày hôm nay đã chững chạc hơn nhiều, mỗi lời nói và câu chữ của Đỗ Nhật Nam cũng đã thấy rõ toát ra từ một chàng trai chứ không hẳn là từ một cậu bé vô tư nữa. Từ dịch giả nhỏ tuổi nhất Việt Nam, Đỗ Nhật Nam đã trở thành tác giả viết tự truyện nhỏ tuổi nhất cả nước, và giờ đây, trên tay bạn là tác phẩm thứ 3 mang tên Bố mẹ đã cưa đổ tớ.\r\n\r\nBố Mẹ Đã Cưa Đổ Tớ đến với bạn bất ngờ lắm đúng không? Cũng giống như hai cuốn sách trước của Đỗ Nhật Nam, càng đọc, chúng ta càng nhận ra, quyển sách, nếu xét ở góc độ nào đó, giúp ích cho những bạn cùng trang lứa một, thì giúp những ông bố bà mẹ mười. Cuốn sách giúp chúng ta sẽ hiểu sâu hơn hai chữ “thần đồng” của Đỗ Nhật Nam, thực chất chỉ có 1% tố chất của Nam được thừa hưởng gen trội từ bố mẹ, còn lại 99% đó là nỗ lực, rèn luyện bền bỉ, kiên trì, phối hợp hiệp đồng nhuần nhuyễn giữa ba người trong gia đình: Bố, mẹ, và Đỗ Nhật Nam.', 0, NULL, NULL),
(38, 'Trò Chơi Trải Nghiệm', 1, 'Maja Pitamic', 'Nhà Xuất Bản Phụ Nữ', 69000, 54000, 54, 155, '17 x 24 cm', 'tro choi trai nghiem.jpg', 2017, 'Trò Chơi Trải Nghiệm là cuốn sách tập hợp những trò chơi và hoạt động sáng tạo được thiết kế cho trẻ nhỏ từ 6 tháng tới 3 tuổi, được viết bởi một giáo viên Montessori giàu kinh nghiệm.\r\n\r\nQua các trò chơi chạy nhảy, vận động hay các trò chơi hành động khác, trẻ sẽ học cách sử dụng cơ thể mình một cách khéo léo. \r\n\r\nỞ trò chơi với khối vật thể, đất nặn, hay làm vòng đeo cổ từ mỳ ống, trẻ có thể học cách vận dụng đôi bàn tay của mình. \r\n\r\nTrẻ cũng được học về màu sắc, hình khối qua các dự án nghệ thuật, học ngôn ngữ qua các trò chơi kể chuyện, hay tìm hiểu về thế giới xung quanh với các hoạt động dã ngoại trong công viên và sở thú. ', 0, NULL, NULL),
(39, 'Wow! Con Làm Được Rồi', 1, 'Patricia Campbell', 'Nhà Xuất Bản Phụ Nữ', 69000, 54000, 54, 155, '17 x 24 cm', 'wow con lam duoc.jpgchung to duoc sinh.jpg', 2017, 'Wow! Con Làm Được Rồi\r\n\r\nTất cả trẻ nhỏ đều là những ca sỹ, nhạc công, vũ công, nhà cảm thụ và nhà viết nhạc thực thụ. Ngay từ khi mới sinh, các bé đã đắm mình trong âm nhạc, và đến khi chập chững biết đi, các bé đã có vô số những trải nghiệm âm nhạc thú vị. Các bé yêu thích việc tự mình tạo ra âm nhạc, hoặc cùng với bạn bè và gia đình. Và ngay khi có khả năng thể hiện bản thân qua ngôn ngữ, bé cũng có đủ khả năng thể hiện mình qua âm nhạc.\r\n\r\n“Cùng con khám phá âm nhạc!” là tập hợp những ý tưởng về việc giới thiệu những trải nghiệm âm nhạc phong phú đến với trẻ nhỏ từ 3 đến 5 tuổi. \r\n\r\nCuốn sách này khuyến khích bạn cùng gia nhập thế giới trẻ thơ của con bạn với vai trò chủ xị các trò chơi âm nhạc. Mặc dù các hoạt động này nhằm mục đích phát triển giác quan cho con bạn nhưng lại không yêu cầu bất cứ hiểu biết hoặc công cụ đặc biệt nào.', 0, NULL, NULL),
(40, 'Chúng Tớ Được Sinh Ra Và Lớn Lên Như Thế Nào', 1, 'Trần Diệu Linh', 'Nhà Xuất Bản Giáo Dục Việt Nam', 115000, 92000, 92, 77, '21 x 32 cm', 'chung to duoc sinh.jpg', 2017, '“THẾ GIỚI ĐỘNG VẬT KÌ DIỆU QUANH BÉ – CHÚNG TỚ ĐƯỢC SINH RA VÀ LỚN LÊN NHƯ THẾ NÀO ?”\r\n\r\nCuốn sách Thế Giới Động Vật Kì Diệu Quanh Bé – Chúng Tớ Được Sinh Ra Và Lớn Lên Như Thế Nào? là một ấn phẩm được đầu tư công phu từ nội dung đến thiết kế - minh họa nhằm tri ân các độc giả nhí nhân dịp kỷ niệm 60 năm NXB Giáo dục Việt Nam và kỷ niệm 10 năm thành lập CTCP Mĩ thuật và Truyền thông (ADC). Đây cũng là món quà thực sự ý nghĩa để cha mẹ dành tặng các con, giúp con hiểu thêm về thế giới động vật kì diệu quanh bé.\r\nCuốn sách kể về quá trình sinh trưởng, phát triển và đặc điểm của 10 con vật như: gà, lợn, sư tử, voi, ếch, các sấu, cá chuối… Với thiết kế mới lạ, minh hoạ sinh động, ngộ nghĩnh thông qua lời kể của chính những con vật, câu chuyện về các loài vật trong cuốn sách hiện lên hết sức gần gũi, tươi vui khiến những nội dung khoa học được chuyển tải đến bạn đọc nhỏ tuổi một cách tự nhiên, đầy hấp dẫn, thú vị.\r\nĐây là một cuốn sách thực sự thú vị và hấp dẫn với các bạn nhỏ, giúp trẻ học được tính tự lập, khả năng tự bảo vệ bản thân và cảm nhận được tình mẫu tử thiêng liêng, ấm áp.', 0, NULL, NULL),
(41, 'Cha Mẹ Giỏi Con Thông Minh', 1, 'Giorgia Farnesi', 'Nhà Xuất Bản Lao Động', 119000, 82000, 82, 360, '13 x 20.5 cm', 'cha me gioi con.jpg', 2017, 'Cha Mẹ Giỏi Con Thông Minh (Tái Bản 2017) – cuốn sách giáo dục con trẻ mang đến sự hòa thuận trong tổ ấm của bạn từ việc trang bị cho con cái các kỹ năng giải quyết vấn đề.\r\n\r\nNếu bạn đang có ý định tìm cách để xử lý tình huống như việc: các con thường cãi nhau về đồ chơi, gây sự với bạn về một việc gì đó, không chịu vâng lời và cãi lại,.. thì cuốn Cha mẹ giỏi con thông minh chính là cuốn sách mà bạn cần.\r\n\r\nTrong Cha mẹ giỏi con thông minh, Tiến sĩ Shure sẽ chỉ ra cách thức áp dụng các kỹ thuật “con có thể tự giải quyết vấn đề” để giải quyết những vấn đề mà cha mẹ quan tâm nhất như con bị bắt nạt ở trường, con không làm bài tập ở nhà, con chơi với bạn xấu và con xích mích với anh chị em ruột…', 0, NULL, NULL),
(42, 'Vô Cùng Tàn Nhẫn, Vô Cùng Yêu Thương (Tập 2)', 1, 'Sara Imas', 'Nhà Xuất Bản Dân Trí', 129000, 99000, 99, 332, '13 x 20.5 cm', 'vo cung tan nhan.jpg', 2017, 'Vô Cùng Tàn Nhẫn, Vô Cùng Yêu Thương (Tập 2) - Tái Bản 2017\r\n\r\nVì trái tim có hình ngọn lửa, nên dù yêu con đến mấy, cha mẹ cũng cần phải biết \"tàn nhẫn\", cần phải đẩy con ra khỏi vòng tay ấm áp của mình, dằn lòng tập cho con quen với nghịch cảnh và cố giữ một ánh nhìn lạnh nhạt để con tự chống chọi với khó khăn. Cha mẹ chỉ nên đứng từ xa, dùng tình yêu thương của mình để thắp lên ngọn lửa nghị lực, giúp con trưởng thành với một trái tim quả cảm, nhiệt thành và mạnh mẽ. Và như vậy, \"tàn nhẫn\" cũng là \"yêu thương\", một dạng thức yêu thương có trách nhiệm để đem lại cho gia đình một đứa con ngoan, và trao cho xã hội một công dân tốt.\r\n\r\nSara Imas là một bà mẹ Trung Quốc mang trong mình dòng máu Do Thái. Sau khi quan hệ Trung Quốc - Israel được thiết lập, trước tiếng gọi trở về của cố hương, Sara đã từ bỏ cuộc sống an yên ở Thượng Hải, mang theo ba đứa con thơ để trở về Israel, nơi đồng bào của bà đang phải ngày ngày chịu đựng khói lửa chiến tranh, bắt đầu một trải nghiệm giáo dục đặc biệt của mình. Khác với tập 1, \"Vô cùng tàn nhẫn, vô cùng yêu thương 2\" đã đối chiếu một cách biệt lập giữa phương thức nuôi dạy con của người Trung Quốc và người Israel. Tác giả không ngần ngại phơi bày những bất cập vốn tồn tại đã lâu trong cách nuôi dạy con của người Trung Quốc, đồng thời nêu bật những quan điểm về tình mẫu tử, những giá trị thiết thực trong nền giáo dục Do Thái.', 0, NULL, NULL),
(43, 'Con Không Ngốc, Con Chỉ Thông Minh Theo Một Cách Khác ', 1, 'Lư Tô Vỹ', 'Nhà Xuất Bản Phụ Nữ', 109000, 84000, 84, 327, '	\r\n13 x 20.5 cm', 'con khong ngoc con.jpg', 2017, 'Con không ngốc, con chỉ thông minh theo một cách khác là một cuốn hồi ký thuật lại hành trình trưởng thành của Lư Tô Vỹ, một hành trình kỳ diệu nhất mà cũng chân thực nhất.  \r\n\r\nCuộc đời của Lư Tô Vỹ được thuật lại qua những dòng hồi ức của chính ông, với những câu chuyện hoàn toàn có thực, hoàn toàn gần gũi và đời thường như cuộc đời bao người khác, không lãng mạn hóa, không hoàn hảo hóa.\r\n\r\nTừ một cậu bé không may mắc phải căn bệnh viêm não Nhật Bản dẫn đến bị bại não và chỉ số IQ chỉ còn 70 vươn lên trở thành một thiên tài sở hữu 500 phát minh, tác giả của hơn 50 đầu sách nổi tiếng về giáo dục, một chuyên gia nổi tiếng trong lĩnh vực khai thác và phát triển năng lực tiềm ẩn, cuộc đời của Lư Tô Vỹ quả thực là một cuộc đời kỳ diệu!\r\n\r\nTrong suốt những năm ấu thơ bị mọi người cho là thiểu năng, là kẻ ngốc, Lư Tô Vỹ vẫn luôn tin rằng mình là một người thông minh. Niềm tin đó chính là “báu vật” được truyền lại từ cha ông, người cha mà dù cho ông chỉ đạt 0 điểm cũng lạc quan cho rằng có điểm là tốt rồi và khi ông được 1 điểm thì ngay lập tức reo mừng xúc động. “Con không ngốc, con chỉ thông minh theo một cách khác”, câu nói này của cha đã giúp Lư Tô Vỹ luôn tin vào bản thân và không ngừng nỗ lực.', 0, NULL, NULL),
(44, 'Phương Pháp Nuôi Dạy Quyết Định Tính Cách Trẻ (Từ 0 – 6 Tuổi)', 1, 'Erika Takeuchi', 'Nhà Xuất Bản Thế Giới', 76000, 53000, 53, 200, '13 x 19 cm', 'phuong phap nuoi day.jpg', 2017, 'Phương Pháp Nuôi Dạy Quyết Định Tính Cách Trẻ (Từ 0 – 6 Tuổi)\r\n\r\nCha mẹ đang ở nấc thang nào trong sự nghiệp Nuôi dạy con?\r\n\r\nHiểu mình, hiểu con luôn là yếu tố quan trọng hàng đầu khi nuôi dạy trẻ. Nhiều bậc phụ huynh không chỉ gặp khó khăn trong việc nuôi con mà mối quan hệ với con cũng chưa thực sự tốt đẹp. \r\n\r\nTheo chuyên gia nuôi dạy trẻ hàng đầu tại Nhật – Erika Takeuchi, hình mẫu người mẹ, tính cách của con và những lời nói, hành động hàng ngày của chúng ta đối với con sẽ quyết định trẻ là người như thế nào; mối quan hệ giữa trẻ và cha mẹ ra sao.\r\n\r\nPhương pháp nuôi dạy quyết định tính cách trẻ là cuốn sách tổng hợp tất cả những yếu tố cốt lõi trong việc nuôi dạy con của người Nhật với rất nhiều quan điểm như: luôn để trẻ làm thử; không cấm đoán, chỉ đưa ra ranh giới; không nhắc nhở, chỉ gợi ý…', 0, NULL, NULL),
(45, 'Đó Là Tớ, Từ Đầu Đến Chân', 1, 'Dagmar Geisler', 'Nhà Xuất Bản Thế Giới', 56000, 39000, 39, 48, '20.8 x 29.5 cm', 'do la to tu.jpg', 2017, 'Đó Là Tớ, Từ Đầu Đến Chân\r\n\r\n“Các bạn nữ có thể khóc ngay lập tức!”\r\n\r\n“Các bạn nam thường mạnh mẽ hơn!”\r\n\r\n“Các bạn nữ thường học kém môn Toán!”\r\n\r\n“Các bạn nam viết chữ vừa xấu vừa nguệch ngoạc!”\r\n\r\nCon đã bắt đầu nhận thấy sự khác biệt giữa các bạn nam và các bạn nữ. Liệu cha mẹ đã sẵn sàng cho những câu hỏi khó hơn của con chưa?\r\n\r\n“Giáo dục giới tính” vẫn là một trong những nội dung nhạy cảm nhất trong quan niệm nuôi dạy con của cha mẹ từ xưa đến nay. Nhiều cha mẹ cảm thấy bối rối với việc nên bắt đầu dạy từ đâu, dạy khi nào hay dạy như thế nào cho đúng cách. Cũng có một số cha mẹ không biết gì hoặc chỉ hiểu lờ mờ về giáo dục giới tính. Chính vì vậy, khi được đề cập tới vấn đề này, nhiều người đã chọn cách “đánh trống lảng” hoặc trả lời kiểu giấu giếm.', 0, NULL, NULL),
(46, 'Dạy Con Học Nói', 1, 'An Khánh Nhung', 'Nhà Xuất Bản Thanh Niên', 299, 285, 285, 240, '19 x 27 cm', 'day con hoc noi.jpg', 2017, 'Dạy Con Học Nói\r\n\r\nLà một giáo viên, hàng ngày tiếp xúc với các con, cô Nhung có những trải nghiệm sâu sắc trong lĩnh vực Dạy con học nói. Vì vậy, cô Nhung đã tập hợp trong cuốn sách tụyệt vời này những bài học hữu ích và giá trị nhất.\r\n\r\nVới mong ước tất cà mọi người đều có thể chung tay góp phần hỗ trợ cho trẻ em đặc biệt (trẻ chậm nói, tự kỷ,...) thông qua cuốn sách vô cùng dễ hiểu, dễ học dễ dạy này, để thực hiện sứ mệnh của mình.', 0, NULL, NULL),
(47, '50 Câu Đố Cân Bằng Não Trái - Não Phải Giúp Bạn Thay Đổi Phương Pháp Tư Duy', 1, 'Charles Phillips', 'Nhà Xuất Bản Trẻ', 35000, 24000, 24, 92, '13 x 19 cm', '50 cau do can.jpg', 2017, '50 Câu Đố Cân Bằng Não Trái - Não Phải Giúp Bạn Thay Đổi Phương Pháp Tư Duy\r\n\r\nBạn đã vận dụng tối đa sức mạnh tư duy của mình chưa? Những người thiên về trực giác và sáng tạo thường tư duy bằng não phải, còn những ai thiên về logic và phân tích thường tư duy bằng não trái. Nhưng nếu bạn vận dụng cả hai bán cầu não, khả năng tư duy của bạn sẽ được cải thiện đến đâu?\r\n\r\n50 câu đố trong cuốn sách này sẽ giúp bạn cân bằng tư duy giữa hai não và khai thác triệt để năng lực trí tuệ của mình. Được thiết kế đặc biệt để kích thích tư duy ở cả hai bán cầu não, các câu đố bao gồm 5 cấp độ khó khác nhau sẽ giúp bạn trau dồi năng lực tư duy trong quá trình hoàn thành chúng. Và điểm số đạt được sẽ đưa bạn đến một bài tập cân bằng tư duy phù hợp nhất với năng lực, còn những Thử thách Tư duy trước và sau đó sẽ giúp bạn đánh giá sự tiến bộ của mình.\r\n\r\nVà khi nâng cao năng lực tư duy, bạn cũng sẽ thúc đẩy sự phát triển năng lực trí tuệ toàn diện vì khi ấy, bạn học được cách sử dụng trọn vẹn bộ não của mình.\r\n\r\nĐã đến lúc thử tài trí óc của bạn rồi đấy…', 0, NULL, NULL),
(48, 'Nuôi Con Khéo, Chăm Con Nhàn', 1, 'Joon Hee Kim', 'Nhà Xuất Bản Thế Giới', 116000, 84000, 84, 393, '15 x 24 cm', 'nuo con kheo.jpg', 2017, 'Nuôi Con Khéo, Chăm Con Nhàn\r\n\r\nNuôi con có phải là một việc dễ dàng? Tiếng khóc giữa đêm của con có bao giờ là niềm vui với các bà mẹ? Tại sao càng dỗ con ngủ, con càng khóc. Bế con cả đêm trên tay mà con vẫn ngủ không yên. Giờ ngủ. Con không ngủ. Giờ ăn. Con không ăn. Người cha người mẹ phải làm gì đây?\r\n\r\nNuôi Con Khéo, Chăm Con Nhàn sẽ tham vấn cho bạn hiểu về nhu cầu của con và hỗ trợ con có nếp ăn-ngủ-chơi hợp lý với những ví dụ sinh động, bảng biểu thời gian mẫu vừa cụ thể, chi tiết vừa có thể linh hoạt, tùy biến với từng đứa trẻ. Hơn thế nữa,  cuốn sách của Kim Jun Hee  còn như một lời chia sẻ tâm sự, đồng cảm với các bậc cha mẹ trong quá trình nuôi con đầy bỡ ngỡ ban đầu.\r\n\r\nHãy tự mình ngoi lên khỏi biển cả âu lo của người làm cha mẹ, để mỗi sáng bạn được ung dung thư thả ngắm con lớn từng ngày!', 0, NULL, NULL),
(49, 'Dạy Trẻ Bằng Cả Trái Tim', 1, 'Rafe Esquith', 'Nhà Xuất Bản Lao Động Xã Hội', 129000, 0, 129, 368, '13 x 20.5 cm', 'day tre bang ca.jpg', 2017, 'Dạy Trẻ Bằng Cả Trái Tim là món quà ý nghĩa dành cho tất cả những ai đang quan tâm đến tương lai của thế hệ trẻ. Đây là một cuốn sách gối đầu giường hướng dẫn chi tiết các phương pháp giáo dục con em chúng ta thành những học sinh ham học hỏi, có trí tưởng tượng phong phú và dẫn dắt các em khám phá giá trị của bản thân mình.\r\n\r\nCăn phòng 56 thuộc ngôi trường công giữa thành phố Los Angeles là nơi học tập của các em học sinh lớp 5, hầu hết các em đến từ các gia đình nhập cư, nghèo khó, tương lai dường như đã được định đoạt. Thế nhưng, những học sinh ấy lại biết chơi nhạc Vivaldi, biết diễn những vở kịch Shakespeare, và sau này đều học tập tại những ngôi trường đại học tốt nhất của nước Mỹ. Rafe Esquith chính là người thầy đã dẫn dắt và giúp các em đạt được những thành công đó.\r\n\r\nVới tâm huyết của một người thầy, một người cha Rafe Esquith đã biến căn phòng trở thành “thiên đường an toàn, che chở lũ trẻ trước bão giông”, nơi không chất chứa sự sợ hãi mà đầy ắp niềm vui, sự hào hứng mỗi khi tới lớp.', 0, NULL, NULL),
(50, 'Mặt Trái Của Yêu Thương', 1, 'Phạm Hiển', 'Nhà Xuất Bản Phụ Nữ', 97000, 77000, 77, 298, '13 x 27 cm ', 'mat trai cua.jpg', 2017, 'Mặt Trái Của Yêu Thương là cuốn sách giúp giác ngộ tư duy dạy con và giúp cho những đứa con của chúng ta trở nên bản lĩnh và trách nhiệm hơn với những việc mình làm. Sẽ đem đến cho các cha mẹ những phương pháp tương tác với con để vừa có thể làm bạn cùng con, vừa tạo dựng cho con sự nguyên tắc và độc lập mà bấy lâu nay chúng ta đang tìm kiếm. Sách được viết với tâm huyết, sự trăn trở của chuyên gia Phạm Hiền sau hơn 20 năm nghiên cứu, đồng hành cùng bao thế hệ cha mẹ Việt trong việc tương tác với con.\r\n\r\nSách là những tình huống, những câu chuyện đời thường nhất để cha mẹ có thể nhìn nhận lại cách thức tương tác của mình với con trong hiện tại và mở ra cho mình những hướng đi mới trong tương lai. Sách cũng là nơi gửi gắm của chuyên gia về những phương pháp giúp cha mẹ tạo dựng những bí quyết cho riêng mình trong việc tương tác với con, giúp các con trở thành những đứa trẻ có trí tuệ, trách nhiệm, yêu thương, văn minh và tử tế', 0, NULL, NULL),
(51, 'Phớt Lờ Tất Cả Và Bơ Đi Mà Sống', 3, 'Hugh Macleod', 'Nhà Xuất Bản Thời Đại', 89000, 53000, 53, 396, '14.5 x 20.5 cm', 'phot la tat ca.jpg', 2018, 'Phớt Lờ Tất Cả Và Bơ Đi Mà Sống\r\n\r\n“Khi tôi nói ‘Bơ đi mà sống’ thì không có nghĩa là bơ tất cả mọi người, mọi lúc, và mãi mãi. Không, ý kiến phản biện của mọi người đóng vai trò vô cùng quan trọng. Đương nhiên rồi. Nói đúng hơn, trong thời gian ban đầu, ý tưởng càng tốt thì càng \"kỳ cục\" đối với người khác, kể cả những người mà bạn yêu quý và kính trọng. Vì vậy, lúc đầu sẽ có một khoảng thời gian bạn phải nỗ lực một mình, không có đến một phần mười số người ủng hộ cần có. Chuyện này hoàn toàn bình thường và bạn cần phải lường trước.”\r\n\r\nHugh Macleod là một họa sỹ truyện tranh, chuyên thiết kế quảng cáo và vẽ tranh biếm họa. Ông lập ra blog gapingvoid.com năm 2001, đưa lên cả tranh biếm họa và các bài viết của mình. Ông đã sáng tạo ra kiểu vẽ tranh biếm họa lên mặt sau tấm danh thiếp, để sẵn sàng vẽ bất cứ lúc nào, ngay khi ý tưởng vừa xuất hiện. Năm 2004, ông viết Ignore Everybody trên blog – sự kết hợp giữa tranh biếm họa và những chỉ dẫn thiết thực về những bí kíp thúc đẩy sáng tạo,  đã được người đọc tải về đến hàng triệu lượt.\r\n\r\nVới 40 phần, thực ra là 40 bài học ngắn gọn, súc tích, kết hợp với tranh biếm họa và các “châm ngôn” hài hước nhưng ý nghĩa, cuốn sách chính là câu trả lời cho các câu hỏi không ngừng đặt ra trong đầu chúng ta suốt quá trình làm việc:', 0, NULL, NULL),
(52, 'Hoàn Thành Mọi Việc Không Hề Khó', 3, 'David Allen', 'Nhà Xuất Bản Lao Động', 149000, 89000, 89, 396, '13 x 20.5 cm', 'hoan thanh moi viec.jpg', 2018, 'Hoàn Thành Mọi Việc Không Hề Khó\r\n\r\nThông điệp của Allen rất ngắn gọn: hãy tổ chức lại bản thân để giải phóng trí óc, tập trung vào những điều thật sự xứng đáng.\r\n\r\nLàm thế nào để đạt được năng suất công việc cao nhất mà không bị căng thẳng? Với cuốn sách: Hoàn Thành Mọi Việc Không Hề Khó, huấn luyện viên kỳ cựu, nhà cố vấn quản trị David Allen chia sẻ những phương pháp hiệu quả giúp bạn, cũng như hàng chục nghìn người khác từng được ông đào tạo, giảm stress và tìm thấy sự thoải mái trong cuộc sống.\r\n\r\nVới Hoàn Thành Mọi Việc Không Hề Khó, bạn sẽ biết cách:\r\n\r\n- Ứng dụng nguyên tắc “thực hiện, chuyển giao, treo, bỏ qua” để giải phóng bộ nhớ của bạn\r\n\r\n- Đánh giá lại các mục tiêu và duy trì khả năng tái tập trung khi tình huống thay đổi\r\n\r\n- Lập kế hoạch và tìm cách tháo gỡ các dự án “treo”\r\n\r\n- Vượt qua cảm giác bối rối, lo lắng và không thể kiểm soát\r\n\r\n- Cảm thấy hài lòng với cả những gì mình chưa thực hiện.', 0, NULL, NULL),
(53, 'Những Điều Trường Harvard Không Dạy Bạn', 3, 'Mark H. McCormack', 'Nhà Xuất Bản Lao Động Xã Hội', 129000, 0, 129, 343, '13 x 20.5 cm', 'nhung dieu truong havard.jpg', 2018, 'Những Điều Trường Harvard Không Dạy Bạn\r\n\r\nVới lối viết thẳng thắn và mạnh mẽ, Những Điều Trường Harvard Không Dạy Bạn cung cấp nhiều kinh nghiệm thực tế về:\r\n\r\nCách thức thấu hiểu một con người\r\n\r\nNhững bí ẩn của một cuộc đàm phán\r\n\r\nCách điều hành và tham dự một cuộc họp\r\n\r\nBiến sự giận dữ của đối tác thành cơ hội\r\n\r\nĐón nhận những thách thức\r\n\r\nNhạy bén để biết vận may', 0, NULL, NULL),
(54, 'Nghĩ Ngược Lại Và Làm Khác Đi', 3, 'Paul Arden', 'Nhà Xuất Bản Lao Động', 99000, 0, 98, 132, '12 x 18 cm', 'nghi nguoc lai.jpg', 2018, 'Nghĩ Ngược Lại Và Làm Khác Đi (Tái Bản 2018)\r\n\r\nPaul Arden, tác giả của nhiều cuốn sách bán chạy trên thế giới, là Giám đốc điều hành sáng tạo tại Saatchi & Saatchi.\r\n\r\nThế giới chính là những gì bạn nghĩ về nó. Vì vậy, hãy nghĩ về nó theo cách khác đi và cuộc sống của bạn sẽ thay đổi.\r\n\r\nKhi bạn nhìn lại sẽ có những thứ bạn cảm thấy hối tiếc. Bạn nghĩ mình đã từng quyết định sai lầm.\r\n\r\nSai rồi. Dù quyết định thế nào, đó cũng là quyết định duy nhất. Mọi thứ ta làm đều cho ta chọn lựa. Vậy thì có gì phải hối tiếc?', 0, NULL, '2018-05-23 16:50:23'),
(55, 'Kinh Thánh Về Nghệ Thuật Bán Hàng', 3, 'Jeffrey Gitomer', 'Nhà Xuất Bản Lao Động Xã Hội', 199000, 0, 198, 444, '16 x 24 cm', 'kinh thanh ve nghe.jpg', 2018, 'Kinh Thánh Về Nghệ Thuật Bán Hàng (Tái Bản 2018)\r\n\r\nChào hàng .... Hầu hết mọi người đều ghét chào hàng. Hầu hết mọi người phải thực hiện chúng. Tại sao không thực hiện tất cả những cuộc chào hàng? Hãy tìm ra những điều thú vị trong công việc chào hàng. Hãy làm cho chúng trở thành một trò chơi. Hãy chơi để chiến thắng. Tất cả những câu trả lời không đều làm bạn đến gần hơn với câu trả lời có.\r\n\r\n\"Kẻ chiến thắng sẽ bán được hàng. Trong tình yêu hay bán hàng, mọi thứ đều công bằng. Tôi muốn bán được hàng. Card Levis chiến thắng trong nội dung chạy 100 m tại ba kỳ Thế vận hội khi chỉ nhanh hơn một bước chân.\r\n\r\nNgười về thứ hai? Chẳng ai quan tâm cả. Bạn sẽ cố gắng giành được Huy chương vàng.... hay bạn sẽ về thứ hai? Sẽ chẳng có phần thưởng nào cho người về thứ hai trong cuộc đua bán hàng.\"\r\n\r\n(Trích kinh thánh về nghệ thuật bán hàng)', 0, NULL, '2018-05-23 16:50:23'),
(56, 'Bước Đi Ngẫu Nhiên Trên Phố Wall', 3, 'Burton G. Malkiel', 'Nhà Xuất Bản Lao Động', 199000, 0, 197, 616, '13 x 20.5 cm', 'buoc di ngau nhien.jpg', 2018, 'Bước Đi Ngẫu Nhiên Trên Phố Wall (Tái Bản 2018)\r\n\r\nDù bạn đang dự tính đầu tư vào chứng khoán, trái phiếu, quỹ hưu trí, quỹ tương hỗ, bảo hiểm v.v… thì Bước đi ngẫu nhiên trên Phố Wall cũng là cuốn sách đầu tiên trong danh mục sách cần đọc của bạn.\r\n\r\nTrong cuốn sách kinh điển về đầu tư này, Burton G. Malkiel sẽ chỉ cho nhà đầu tư cá nhân cách thức để :\r\n\r\nDựa trên những nghiên cứu mới nhất và kinh nghiệm phong phú trong nhiều vai trò: nhà kinh tế học, chuyên gia tài chính, và nhà đầu tư thành công, Malkiel sẽ cung cấp cho các nhà đầu cá nhân ở tất cả cấp độ kinh nghiệm những lập luận then chốt và chỉ dẫn chi tiết để họ tự tin tìm ra hướng đầu tư trên mọi thị trường – và tìm ra con đường chắc chắn nhất để bảo toàn và gia tăng nhanh chóng khoản tiền đầu tư.', 1, NULL, '2018-05-23 16:47:07');
INSERT INTO `products` (`id`, `name`, `id_category`, `author`, `publisher`, `unit_price`, `promotion_price`, `amount`, `pages`, `book_size`, `image`, `year_publish`, `description`, `new`, `created_at`, `updated_at`) VALUES
(57, '8 Kỹ Năng Mềm Thiết Yếu', 3, 'Nguyễn Minh Huy', 'Nhà Xuất Bản Lao Động', 149000, 0, 147, 500, '13 x 20.5 cm', '8 ky nang mem.jpg', 2018, '8 Kỹ Năng Mềm Thiết Yếu (Tái Bản 2018)\r\n\r\nBạn luôn cho rằng bằng cấp và kinh nghiệm là những thứ duy nhất mà các nhà tuyển dụng quan tâm khi tìm kiếm nhân viên?\r\n\r\nLiệu những thứ đó đã đảm bảo cho bạn có một sự nghiệp thành công trong tương lai?\r\n\r\nCâu trả lời là chưa, vì đó chỉ là điều kiện cần. Bạn còn cần tới những kỹ năng mềm thiết yếu nữa. Kỹ năng mềm không phải là thiên bẩm mà do đào tạo mà nên. Chính vì vậy, kỹ năng mềm cần được học càng sớm càng tốt để bạn có nhiều thời gian thực hành và biến kỹ năng mềm thành thói quen phản xạ có điều kiện. Việc rèn luyện kỹ năng sống là một quá trình lâu dài, bền bỉ ngay từ tuổi thơ nhưng cũng không bao giờ là quá muộn với những ai muốn lam điều đó. Kỹ năng sống có nhiều khía cạnh được ứng dụng trong những lĩnh vực, tình huống khác nhau. Ai cũng cần không ngừng hoàn thiện kỹ năng sống để nâng cao hiệu quả công việc và chất lượng cuộc sống của mình, nhất là đối với những mặt có ảnh hưởng trực tiếp mà bản thân còn khiếm khuyết.', 1, NULL, '2018-05-23 07:43:30'),
(58, 'Lý Quang Diệu', 3, 'Nhiều Tác Giả', 'Nhà Xuất Bản Thế Giới', 75000, 0, 75, 266, '13 x 20.5 cm', 'ly quang dieu.jpg', 2018, 'Lý Quang Diệu\r\n\r\nLý Quang Diệu cuốn sách gồm 10 chương trình bày những viễn kiến thấu đáo của Bộ trưởng Cao cấp Lý Quang Diệu về Trung Quốc, Hoa Kỳ và thế giới. Lý Quang Diệu (Lee Kuan Yew) là một chính khách đặc biệt, độc nhất vô nhị trong nửa thế kỷ qua. Là “cha đẻ” và là nhân vật rất có ảnh hưởng ở Singapore trong hơn năm thập kỷ, ông tiếp quản một thành bang nghèo nàn, tham nhũng để xây dựng thành một quốc gia hiện đại nơi người dân hiện có thu nhập cao hơn cả phần lớn người dân Mỹ. Không chỉ với vai trò một nhà tư tưởng mà còn là người tiên phong hành động, ông rất hiểu vấn đề chuyển đổi.\r\n\r\nTrong các vấn đề quốc tế, không có bất kỳ nhân vật nào được cả một thế hệ các nhà lãnh đạo Mỹ, Trung Quốc và thế giới háo hức “săn lùng”, thường xuyên tham khảo ý kiến, và chăm chú lắng nghe bằng “nhà hiền triết” của Singapore.', 1, NULL, NULL),
(59, 'Sam Walton - Cuộc Đời Kinh Doanh Tại Mỹ', 3, 'Sam Walton', 'Nhà Xuất Bản Lao Động', 149000, 0, 149, 508, '13 x 20.5 cm', 'sam walton.jpg', 2018, 'Sam Walton - Cuộc Đời Kinh Doanh Tại Mỹ (Tái Bản 2018)\r\n\r\nĐã từ lâu nay nhắc đến hệ thống cửa hàng bán lẻ ở Mỹ không thể không nhắc tới hai đại gia trong lĩnh vực này đó là Kmart và Wal-Mart. Năm 2001, Kmart với hệ thống hàng chục ngàn cửa hàng bán lẻ đã tuyên bố phá sản, chỉ còn lại một mình \"người khổng lồ\" Wal-Mart trụ lại. Sở dĩ Wal-Mart có được sự phát triển như ngày hôm nay là do tập đoàn này được chèo chống bởi một nhà kinh doanh tài ba, đó là Sam Walton.\r\n\r\nĐức tính cần cù tiết kiệm sau này luôn theo sát cuộc đời và sự nghiệp kinh doanh của Walton, thậm chí khi trở thành một trong số những người giầu nhất nước Mỹ, Sam vẫn là một con người bình dị và khiêm tốn.\r\n\r\nDưới tài lãnh đạo của Sam Walton, Wal-Mart đã phát triển rất nhanh chóng và trở thành đối thủ cạnh tranh ngang ngửa với đối thủ Kmart vào đầu thập niên 1970. Hiện nay, hệ thống cửa hàng siêu thị bán lẻ thuộc quyền sở hữu của tập đoàn Wal-Mart đã lên tới hàng chục ngàn chiếc nằm rải rác khắp Bắc Mỹ, châu Âu và tích cực vươn sang châu Á. Quy mô khổng lồ hiện nay của Wal-Mart đã được giới kinh doanh Mỹ thừa nhận. Theo bảng xếp hạng tạp chí danh tiếng Fortune vừa công bố, tập đoàn bán lẻ Wal-Mart lần thứ tư liên tiếp đứng đầu danh sách 500 công ty lớn nhất thế giới. Wal-Mart ở vị trị số một với doanh số vượt trội 288 tỷ đô la, trong đó lợi nhuận đạt 10,2 tỷ đô la.', 1, NULL, NULL),
(60, 'Dẫn Dắt Sự Thay Đổi', 3, 'John P. Kotter', 'Nhà Xuất Bản Lao Động Xã Hội', 99000, 0, 99, 288, '13 x 20.5 cm', 'dan dat su thay.jpg', 2018, 'Dẫn Dắt Sự Thay Đổi (Tái Bản 2018)\r\n\r\nCuốn sách vừa là nguồn cảm hứng với những ai đang cần tìm ý tưởng cải cách công ty, lại vừa rất thực tế với tất cả những người có cổ phần trong tổ chức muốn thay đổi tổ chức của mình.\r\n\r\nKotter cho rằng sở dĩ các công ty thường xuyên gặp thất bại vì những thay đổi chiến lược của họ không dẫn đến thay đổi hành vi của nhân viên. Ông đã nhận ra những sai lầm phổ biến nhất trong sự thay đổi ảnh hưởng và đưa ra tám bước để khắc phục những trở ngại.\r\n\r\nTác giả thừa nhận rằng sự thay đổi nội dung đòi hỏi phải có sự lãnh đạo, nhưng khái niệm lãnh đạo ở đây không được hiểu là món quà mà thượng để ban tặng cho một số người nào đó. Kotter đưa ra một trường hợp hấp dẫn mà trong đó, người thắng cuộc sẽ là những người phát triển nhanh hơn và thành công hơn đối thủ của họ.', 1, NULL, NULL),
(61, '11 Lời Khuyên Dành Cho Thế Hệ Trẻ Của Bill Gates', 3, 'Nguyễn Gia Linh', 'Nhà Xuất Bản Lao Động', 45000, 0, 45, 204, '13 x 20.5 cm', '11 loi khuyen.jpg', 2018, '11 Lời Khuyên Dành Cho Thế Hệ Trẻ Của Bill Gates\r\n\r\nĐi lên từ bàn tay trắng, năm 20 tuổi, Bill Gates bắt đầu sự nghiệp của mình trong ngành công nghệ phần mềm. Năm 31 tuổi ông trở thành nhà tỷ phú trẻ nhất trong lịch sử; năm 37 tuổi trở thành người giàu nhất nước Mỹ, đồng thời nhận được giải thưởng khoa học kỹ thuật quốc gia; năm 39 tuổi trở thành người giàu nhất thế giới. Sau khi có mặt trên thị trường cổ phiếu, Microsoft đã trở thành công ty có giá trị cao nhất trên thị trường toàn cầu; lợi nhuận thu được mỗi năm vượt qua tổng số lợi nhuận của 49 công ty phần mềm trong số 50 công ty phần mềm trên thế giới. Bill Gates đã trở thành đối tượng khiến mọi người trên thế giới, đặc biệt là tầng lớp thanh thiếu niên, kính nể và ngưỡng mộ. \r\n\r\nCó một câu nói kinh điển: “Rất nhiều người nghĩ rằng cuộc sống được tạo ra từ sự ngẫu nhiên và vận may. Thực ra không phải vậy, nó được tạo ra từ những quy luật và nguyên tắc”. Quy luật là nội hàm bản chất của sự vật, là nguyên tắc vàng cho sự thành bại hưng vong của sự vật. ', 1, NULL, NULL),
(62, 'Tạm Biệt Cà Rốt Và Cây Gậy', 3, 'Paul L. Marciano', 'Nhà Xuất Bản Thế Giới', 129000, 0, 129, 336, '13 x 20.5 cm', 'tam biet ca rot.jpg', 2018, 'Tạm Biệt Cà Rốt Và Cây Gậy (Tái Bản 2018)\r\n\r\nNếu bạn đã và đang sống trong môi trường doanh nghiệp, hẳn đã ít nhất một lần bạn được nghe đến thuật ngữ \"cây gậy và củ cà rốt\". Nói một cách đơn giản, \"cây gậy và củ cà rốt\" là thuật ngữ dùng để chỉ những chính sách thưởng (củ cà rốt) và phạt (cây gậy) mà người sử dụng lao động thường áp dụng để tạo động lực lẫn áp lực để người lao động hoàn thành công việc được giao. Lý thuyết \"cây gậy và củ cà rốt\" đã được phổ biến và áp dụng ở nhiều mức độ khác nhau tại hầu hết mọi công ty trên toàn thế giới.\r\n\r\nNhưng ngày nay, khi ngành tâm lý học phát triển và những khía cạnh sâu xa về hành vi được khám phá, thì người ta càng nhận thức rõ hơn rằng hình phạt và phần thưởng không phải là những yếu tố duy nhất thúc đẩy sự hành động của con người. Rõ ràng, \"cây gậy và củ cà rốt\" không còn hiệu quả, hay nói chính xác hơn là người ta đã biết đến những công cụ hiệu quả hơn nhằm thúc đẩy và gắn bó nhân viên.', 0, NULL, NULL),
(63, 'Năng Đoạn Kim Cương', 3, 'Geshe Michael Roach', 'Nhà Xuất Bản Tri Thức', 95000, 0, 95, 348, '13 x 20.5 cm', 'nang doan kim cuong.jpg', 2018, 'Năng Đoạn Kim Cương (Tái Bản)\r\n\r\nCuốn sách này là một câu chuyện về tác giả đã xây dựng đơn vị kim cương lại tại Andin International như thế nào khi sử dụng những nguyên tắc được thu thập từ trí tuệ xưa cổ của Phật giáo, từ cái không có gì thành một hoạt động khắp thế giới sinh nhiều triệu đô la mỗi năm. Phần lớn những quyết định và chính sách trong đơn vị của Tác giả trong suốt thời gian tác giả giữ chức Phó Chủ tịch đều được suy động bỏi những nguyên tắc mà bạn sẽ tìm thấy trong cuốn sách này.\r\n\r\nNhững nguyên tắc này là gì? Chúng ta có thể chia chúng làm ba.\r\n\r\nNguyên tắc thứ nhất là việc kinh doanh phải thành công: Tức là nó phải tạo ra tiền. Có một sự tin tưởng phổ biến tại Mỹ và tại các nước Phương Tây rằng thành đạt, làm ra tiền, một cách nào đó, là một sai lầm đối với những ai đang nỗ lực có một cuộc sống tâm linh. Trong Phật giáo, dù tiền bạc tự nó không phải là xấu, thực ra, một người có nhiều tiền bạc có thể làm được nhiều việc thiện trên đời này hơn là không có nó. Vấn đề chính là chúng ta làm ra tiền bằng cách nào, chúng ta có hiểu được tiền phát sinh từ đâu không và làm sao để tiền tiếp tục đến và chúng ta có giữ được một thái độ lành mạnh về tiền hay không.', 1, NULL, NULL),
(64, 'Vượt Qua Thử Thách Trong Phỏng Vấn Tuyển Dụng', 3, 'Alpha Books', 'Nhà Xuất Bản Lao Động Xã Hội', 99000, 0, 99, 288, '13 x 20.5 cm', 'vuot qua thu thach.jpg', 2018, 'Vượt Qua Thử Thách Trong Phỏng Vấn Tuyển Dụng (Tái Bản 2018)\r\n\r\nBạn đã thất bại khi tìm kiếm việc làm trong một thời gian dài? Công việc hiện tại khiến bạn luôn phải ngồi đếm từng ngày trôi qua? Bạn không biết cách xoay xở trong buổi phỏng vấn? Thực tế chứng minh, chìa khóa thành công chính là việc phải chuẩn bị kỹ càng.\r\n\r\nCuốn  sách Vượt qua thử thách trong phỏng vấn tuyển dụng sẽ giúp bạn chuẩn bị trước mọi việc, từ các vấn đề mà nhà tuyển dụng quan tâm đến những câu hỏi và cách hóa giải tình huống thường gặp trong các cuộc phỏng vấn.\r\n\r\nLàm thế nào để được phỏng vấn?\r\nChuẩn bị những gì cho cuộc phỏng vấn?\r\nTrả lời phỏng vấn thế nào?\r\nSau phỏng vấn cần phải làm gì?', 0, NULL, NULL),
(65, 'Trên Đỉnh Phố Wall', 3, 'Peter Lynch', 'Nhà Xuất Bản Lao Động Xã Hội', 179000, 0, 17, 572, '13 x 20.5 cm', 'tren dinh pho wall.jpg', 2018, 'Trên Đỉnh Phố Wall (Tái Bản 2018)\r\n\r\nPeter Lynch là nhà quản lý tài chính số 1 ở Mỹ. Quan điểm của ông là: Tất cả các nhà đầu tư trung bình đều có thể trở thành những chuyên gia hàng đầu trong lĩnh vực của họ và họ có thể chọn được những cổ phiếu hời nhất không kém gì các chuyên gia đầu tư trên Phố Wall chỉ bằng việc thực hiện một cuộc điều tra nhỏ.\r\n\r\nTrong cuốn sách, Lynch đề cập đến cách thức mà ông đã đạt được thành tích đầu tư vĩ đại của mình khi là cựu giám đốc xuất sắc của quỹ đầu tư hàng tỷ đô-la Magellan. Viết cùng Joghn Rothchild, Trên đỉnh Phố Wall đưa ra những chỉ dẫn dễ dàng áp dụng để có thể lựa chọn được những danh mục từ việc đánh giá các báo cáo tài chính của công ty và nhận ra những con số thực sự có giá trị. Ông giải thích và đưa ra những chỉ dẫn để đầu tư theo chu kỳ, hay thay đổi hoàn toàn danh mục đầu tư để theo đuổi những công ty đang phát triển nhanh.', 0, NULL, NULL),
(66, 'Thực Thi', 3, 'Ram Charan', 'Nhà Xuất Bản Lao Động', 149000, 0, 14, 352, '13 x 20.5 cm', 'thuc thi.jpg', 2018, 'Thực Thi (Tái Bản 2018)\r\n\r\nChúng ta đã quá quen thuộc với chức danh CEO (Chief Executive Officer) được dịch là Giám đốc điều hành, đến mức một cách mặc định hầu hết chúng tôi đều nghĩ rằng Execution hay Executive có nghĩa là Điều hành, có lẽ để tựa đề quyển sách này là “Điều hành” thì sẽ kêu hơn là “Thực thi”. Nhưng điều mà hai tác giả Larry Bossidy và Ram Charan muốn nhấn mạnh qua quyển sách này là hầu hết các lãnh đạo của chúng ta đã quá mơ mộng và tự bằng lòng với chức danh “Điều hành” mà quên mất bản chất công việc của một nhà lãnh đạo là “Thực hiện” và thi hành các kế hoạch đã được đặt ra, là làm tất cả những gì có thể, để chiến lược không chỉ là những câu chữ hào sảng, giấy tờ, mà sẽ mang lại những thay đổi tích cực và dẫn dắt doanh nghiệp đến những tầm cao hơn. Đề ra chiến lược chưa đủ, một người lãnh đạo giỏi thực sự phải là người biết thực thi.\r\n\r\nThực Thi được viết theo lối đàm thoại với độc giả và hai tác giả thay nhau nói về các ví dụ thực tiễn đầy sinh động của mình để minh họa cho các ý tưởng chủ đạo. Đôi khi Larry và Ram phải thay tên công ty thành XYZ, thay tên người thành Peter X, nhưng những câu chuyện hai người kể đều rất gần gũi và quen thuộc với bất kì một lãnh đạo nào, dù là ở vị trí tổng giám đốc hay giám đốc bộ phận.', 0, NULL, NULL),
(67, 'Tất Cả Trên Một Trang Giấy', 3, 'Asada Suguru', 'Nhà Xuất Bản Công Thương', 69000, 0, 69, 219, '13 x 19 cm', 'tat ca tren mot.jpg', 2018, 'Tất Cả Trên Một Trang Giấy\r\n\r\nThứ mà tất cả các nhân viên của Toyota phải có khi họp là gì? \r\n\r\nTrên tay tất cả các nhân viên Toyota lúc nào cũng có một tờ tài liệu. Đây là khung cảnh thường thấy và xảy ra như một lẽ đương nhiên tại công ty. Chẳng hạn, các nhóm sẽ họp mỗi tuần một lần và trong các cuộc họp, cả trưởng nhóm và khoảng mười mấy nhân viên đều cầm một tờ giấy A3, trong đó tổng hợp lại tình hình tiến độ công việc của từng thành viên. Ở Toyota, tất cả các tài liệu dùng trong công việc đều được trình bày trên một trang A3 hoặc A4, và thói quen ấy đã trở thành một nét văn hoá trong toàn thể công ty.\r\n\r\nBáo cáo, kế hoạch, tài liệu cuộc họp, biên bản ghi nhớ nội dung cuộc họp, tài liệu dùng khi đi đàm phán với khách hàng, bài phát biểu, danh sách xác nhận lịch trình, tài liệu dùng để đánh giá khi phỏng vấn ứng viên… cho dù là loại tài liệu nào, có nội dung phức tạp đến đâu đi nữa, về nguyên tắc đều sẽ chỉ dùng “Một trang giấy”. Việc này có thể ư? Trong khi mỗi lần hội họp, trên tay mỗi người chúng ta đều lỉnh kỉnh hàng sấp giấy tờ nhiều không kể nổi? Nhưng đó là sự thật. Cũng giống như cách USB được phát minh ra để chứa hơn chục GB dữ liệu, thì “một trang giấy” hoàn toàn có thể chứa cả chục sấp giấy tờ đang khiến bạn khổ sở. Đây là một phương pháp tóm tắt, trình bày vô cùng khoa học và đặc biệt tiết kiệm thời gian, đồng thời tăng hiệu quả diễn đạt mà bất kỳ ai cũng nên học hỏi.', 0, NULL, NULL),
(68, '25 Thuật Đắc Nhân Tâm', 3, 'John C. Maxwell', 'Nhà Xuất Bản Lao Động', 99000, 0, 99, 236, '13 x 20.5 cm', '25 thuat dac nhan tam.jpg', 2018, 'Hãy là người mà ai cũng muốn đi theo!\r\n\r\n25 thuật đắc nhân tâm - bí quyết chinh phục lòng người của không chỉ các nhà lãnh đạo mà còn là của chính bạn! Có rất nhiều cách để thành công trong cuộc sống, kinh doanh và các mối quan hệ. Nhưng một yếu tố không thể thiếu là khả năng chinh phục lòng người. Chúng ta ai cũng muốn nhận được thật nhiều sự ủng hộ, kết giao được nhiều bạn bè, xây dựng được nhiều mối quan hệ tốt đẹp, nhưng không phải ai cũng làm được điều đó.\r\n\r\nLà tập hợp những kinh nghiệm quý báu trong hàng chục năm nghiên cứu và giảng dạy về nghệ thuật sống của tác giả John C. Maxwell, 25 thuật đắc nhân tâm mang đến cho người đọc cái nhìn đơn giản nhưng thiết thực để có thể mở cánh cửa trái tim của tất cả mọi người. Qua những câu chuyện nhỏ thú vị của John C. Maxwell, cuốn sách cung cấp cho bạn 25 bí quyết để trở thành “viên nam châm” với bất cứ ai gặp bạn như: nhìn ra những ý định tốt đẹp trong mỗi con người, xây đắp những kỷ niệm và thường xuyên gợi nhớ lại chúng, làm cho mọi người những việc họ không thể tự làm, chia sẽ bí mật cùng ai đó.\r\n\r\nHãy đọc kỹ từng bí quyết, thực hành chúng và bắt đầu hành trình khai mở tâm hồn đầy sức cuốn hút của chính bạn!', 0, NULL, NULL),
(69, '17 Nguyên Tắc Vàng Trong Làm Việc Nhóm', 3, 'John C. Maxwell', 'Nhà Xuất Bản Lao Động', 99000, 0, 99, 246, '13 x 20.5 cm', '17 nguyen tac vang.jpg', 2018, 'Trong 17 nguyên tắc vàng trong làm việc nhóm, John C. Maxwell chia sẻ những nguyên tắc sống còn – hữu ích trong mọi lĩnh vực đời sống – của việc xây dựng nhóm hiệu quả như: lựa chọn thành viên nhóm, xác định mục tiêu chung của nhóm, lãnh đạo nhóm… Hoàn toàn không phải là những lý thuyết sáo rỗng, cuốn sách này sẽ đem đến cho bạn những trải nghiệm thú vị:\r\n\r\nCùng Thủ tướng Winston Churchill thực hành nguyên tắc Toàn cảnh.\r\nChứng kiến sự vươn lên cuả IBM trở thành một trong những tập đoàn máy tính lớn nhất thế giới (Nguyên tắc Chiếc la bàn).\r\nTìm hiểu bí quyết thành công của hãng phim hoạt hình nổi tiếng thế giới Walt Disney (Nguyên tắc Bảng điểm).\r\nDù bạn là ai, hoạt động trong lĩnh vực/tổ chức nào, cuốn sách này cũng sẽ tiếp sức cho bạn và nhóm của bạn tiến gần hơn đến thành công.\r\nHãy cùng nhóm của bạn làm nên những điều vĩ đại!', 0, NULL, NULL),
(70, 'Một Nửa Của 13 Là 8', 3, 'Jack Foster', 'Nhà Xuất Bản Lao Động', 99000, 0, 9, 248, '12 x 20 cm', 'mot nua cua 13.jpg', 2018, 'Một Nửa Của 13 Là 8 - Cuốn sách kỹ năng tư duy sẽ trả lời những câu hỏi cơ bản về việc ý tưởng sinh ra từ đâu, tại sao có người lại nghĩ được rất nhiều ý tưởng trong khi nhiều người khác không thể nghĩ được gì; và liệu có phải có những bí kíp bí truyền, độc nhất để có được tư duy sáng tạo không. Cuốn sách chứng minh rằng bất kỳ ai, bất kể tuổi tác hay màu da, bất kể làm công việc gì, đều có thể sáng tạo nhiều ý tưởng hơn, nhanh hơn, dễ dàng hơn.\r\n\r\nChưa bao giờ trong lịch sử, ý tưởng lại có giá trị và cần thiết như bây giờ.\r\n\r\nTrong cuộc sống, mọi công việc đều luôn cần những ý tưởng và sự sáng tạo. Một sự nghiệp thành công không thể nào thiếu bóng dáng của những ý tưởng đột phá sáng tạo. Ý tưởng mới cũng như những bánh xe của sự vận động. Không có ý tưởng, sự trì trệ sẽ thống trị. Hơn nữa, hệ thống máy tính thông minh đã làm thay bạn đa phần những công việc thường nhật, nhờ vậy, bạn được rảnh tay, và thực tế là bạn được yêu cầu làm công việc sáng tạo mà các hệ thống đó không thể làm. Mặt khác, thời đại của chúng ta tràn ngập thông tin đến mức nhiều khi ta cảm thấy bội thực. Thế giới luôn đòi hỏi những luồng ý tưởng mới để có thể vươn lên xứng với tầm cỡ và vận mệnh của mình. Bởi thế, thật hoài phí nếu bạn không biết cách sử dụng nguồn tài sản thông tin này để sáng tạo ra những ý tưởng như vậy.', 0, NULL, NULL),
(71, '10 Điều Khác Biệt Nhất Giữa Kẻ Giàu Và Người Nghèo', 3, 'Keith Cameron Smith', 'Nhà Xuất Bản Lao Động Xã Hội', 79000, 0, 7, 184, '12 x 20 cm', '10 dieu khac biet.jpg', 2018, 'Nếu bạn sẵn sàng tham gia vào cuộc hành trình bước vào thế giới của sự sung túc và giàu có, thì cuốn 10 Điều Khác Biệt Giữa Kẻ Giàu Và Người Nghèo xứng đáng là một tấm vé hạng nhất cho bạn. Trong cuốn sách có thể tạo nên sự thay đổi lớn về cuộc sống này, doanh nhân, diễn giả nổi tiếng Keith Cameron Smith sẽ chỉ cho bạn cách thức tư duy như một triệu phú và thu về lợi nhuận nhờ tư duy “triệu phú” đó.\r\n\r\nCuốn sách 10 điều khác biệt nhất giữa kẻ giàu và người nghèo có thể giúp bạn rời xa thế giới nghèo khó, để bước lên nấc thang cao hơn nhờ 10 nguyên tắc vàng bao gồm:\r\n\r\nNgười giàu tư duy dài hạn, người nghèo tư duy ngắn hạn.\r\nNgười giàu làm việc vì lợi nhuận, người nghèo làm việc vì lương.\r\nNgười giàu tự hỏi những câu tích cực, người nghèo tự hỏi những câu tiêu cực.', 0, NULL, NULL),
(72, 'Tứ Thư Lãnh Đạo - Thuật Lãnh Đạo', 3, 'Hòa Nhân', 'Nhà Xuất Bản Lao Động Xã Hội', 119000, 0, 11, 420, '15.5 x 24 cm', 'tu thu lanh dao.jpg', 2014, 'Tứ Thư Lãnh Đạo - Thuật Lãnh Đạo\r\n\r\nTừ ngàn xưa, người phương Đông luôn quan niệm rằng: Người lãnh đạo nhất thiết phải hội tụ “ thuật lãnh đạo, thuật quản trị, thuật dụng ngôn và thuật xử thế” thì mới thu phục được thiên hạ. Thế nhưng, để trở thành nhà lãnh đạo, không phải tự nhiên mà có được. Nó đòi hỏi mỗi người phải tự học hỏi, tự bồi dưỡng tố chất để trở thành lãnh đạo, và đặc biệt, phải có sự tích lũy qua năm tháng thời gian. Cá nhận bạn có tự tin vào tố chất lãnh đạo trong con người mình?\r\n\r\nTứ Thư Lãnh Đạo là bộ cẩm nang dành cho những nhà lãnh đạo, quản lí và dành cho những ai muốn trở thành lãnh đạo. Bộ sách được chia thành 4 tập, bao gồm thuật lãnh đạo, thuật quản trị, thuật dụng ngôn và thuật xử thế. Đọc Thuật lãnh đạo, bạn sẽ thấy, với bất kỳ một nhà lãnh đạo kiệt xuất nào trên thế giới cũng từng phải đối mặt với những thách thức của thời gian, từng phải ra những nước cờ quyết định trước khi giành được chiến thắng cuối cùng. Lãnh đạo không nhất thiết phải là người học rộng, nhưng nhất thiết phải là người có năng lực. Là người của công chúng, họ luôn luôn bận rộn. Họ phải cung kính lắng nghe, biết lựa lời cấp trên; phải nghiêm khắc mà độ lượng, ân cần niềm nở với cấp dưới; phải động viên tinh thần cộng sự để cùng đoàn kết một lòng; phải biết tùy cơ ứng biến, nhanh nhạy khôn khéo với đối phương; phải biết tranh thủ những người ủng hộ; phải biết đặt mình vào vị trí của những người phản đối mình để tìm cách thu phục họ…', 0, NULL, NULL),
(73, 'Đừng Bao Giờ Đi Ăn Một Mình', 3, 'Tahl Raz', 'Nhà Xuất Bản Trẻ', 112000, 0, 112, 388, '14.5 x 20.5 cm', 'dung bao gio di an.jpg', 2017, 'Đừng Bao Giờ Đi Ăn Một Mình (Tái Bản)\r\n\r\nBạn mong muốn đi tắt đón đầu?\r\n\r\nBạn muốn vững bước đến thành công?\r\n\r\nCông thức để làm được điều này, theo lời bậc thầy về kết nối là Keith Ferrazzi, chính là phải biết làm quen với mọi người. Ferrazzi đã khám phá từ khi còn trẻ rằng điểm khác biệt của những người thành công rực rỡ chính là cách họ vận dụng quyền năng của những mối quan hệ - để mọi người cùng thắng.\r\n\r\nTrong quyển sách Đừng bao giờ đi ăn một mình, Ferrazzi chỉ ra từng bước cách thức - và lý do - mà chính ông đã áp dụng để kết nối với hàng ngàn người là đồng nghiệp, bạn bè có tên trong số danh bạ, những người ông đã giúp đỡ và ngược lại cũng sẵn sàng giúp đỡ ông.', 0, NULL, NULL),
(74, 'Những Kẻ Xuất Chúng', 3, 'Malcolm Gladwell', 'Nhà Xuất Bản Thế Giới', 139000, 0, 13, 359, '13 x 20.5 cm', 'nhung ke xuat chung.jpg', 2017, 'Những Kẻ Xuất Chúng (Tái Bản 2017)\r\n\r\nCuốn sách Những Kẻ Xuất Chúng sẽ giúp bạn tìm ra câu trả lời thông qua các phân tích về xã hội, văn hóa và thế hệ của những nhân vật kiệt xuất như Bill Gates, Beatles và Mozart, bên cạnh những thất bại đáng kinh ngạc của một số người khác (ví dụ: Christopher Langan, người có chỉ số IQ cao hơn Einstein nhưng rốt cuộc lại quay về làm việc trong một trại ngựa). Theo đó, cùng với tài năng và tham vọng, những người thành công đều được thừa hưởng một cơ hội đặt biệt để rèn luyện kỹ năng và cho phép họ vượt lên những người cùng trang lứa.\r\n\r\nVới giọng văn lôi cuốn và cách kể chuyện hết sức có duyên, Malcom Gladwell cũng viện dẫn rất nhiều giai thoại thú vị như tại sao phần lớn các cậu bé giỏi môn khúc côn cầu lại sinh vào tháng một, tại sao con cái của những người Do Thái nhập cư lại trở thành những luật sư quyền lực nhất New York, tại sao truyền thống văn hóa của nền nông nghiệp lúa nước lại có thể giúp trẻ em châu Á giỏi toán... Nhưng không chỉ có thế. Thông qua những ví dụ này, Gladwell muốn bàn luận về những con đường phức tạp dẫn đến thành công của con người.', 0, NULL, NULL),
(75, 'Nghệ Thuật \"Bán Mình\" cho Sếp', 3, 'Orison Swett Marden', 'Nhà Xuất Bản Lao Động Xã Hội', 69000, 0, 69, 192, '13 x 20.5 cm', 'nghe thuat ban minh.jpg', 2017, 'Nghệ Thuật \"Bán Mình\" cho Sếp\r\n\r\nNếu đang đi tìm việc, bạn phải thuyết phục được người chủ rằng họ sẽ thu được lợi ích từ bạn, rằng bạn sẽ là nhân tố không thể thiếu trong doanh nghiệp của họ, rằng bạn có các tố chất đáng ghi điểm. Nói cách khác, họ phải thấy chính bản thân bạn đã là một thành công của họ.\r\n\r\nĐược viết bởi tác giả truyền cảm hứng số 1 thế giới Orison Swett Marden, cuốn sách Nghệ thuật “bán mình cho sếp mang đến cái nhìn về những gì mà người chủ tìm kiếm trong một nhân viên, đồng thời đưa ra những phương thức để giúp bạn hoàn thành công việc một cách tốt nhất, trở nên nổi bật, được người chủ để mắt và thành công trong sự nghiệp.Hãy biến mỗi việc bạn làm thành một kiệt tác!', 0, NULL, NULL),
(76, 'Tôi Biết Ơn Và Tôi Giàu Có', 3, 'Pam Grout', 'Nhà Xuất Bản Tổng hợp TP.HCM', 99000, 0, 99, 210, '14.5 x 20.5 cm', 'toi biet on.jpg', 2017, 'Tôi Biết Ơn Và Tôi Giàu Có\r\n\r\nTôi Biết Ơn Và Tôi Giàu Có là cuốn sách dành cho bất cứ ai quan tâm đến việc tìm kiếm, bắt sóng và kết nối với nguồn năng lượng huyền vi và vô tận của Vũ trụ. Cuốn sách này còn cho độc giả biết thêm nhiều khía cạnh mới mẻ về sự sung túc và viên mãn cũng như cách thức để phát triển nguồn vốn sáng tạo, vốn xã hội, vốn tinh thần và rất, rất nhiều tài sản tinh thần quý giá khác trong đời bạn.\r\n\r\nChúng ta ở đây vào thời điểm đặc biệt này trên Trái Đất là để mở mang vũ trụ chứ không phải để chiến thắng một giải thưởng hàn lâm nào cả. Chúng ta không phải dùng tài năng của mình để vượt lên và đánh bại bất kỳ ai, cũng không phải để chịu đựng những đau khổ hay giằng xé niềm tin vinh quang rồi sẽ đến sau cơn bĩ cực.\r\n\r\nCuộc sống hàng ngày chính là ngôi đền thiêng liêng để bạn đạt được sự thanh tĩnh, sự hài lòng và rung động thần thánh, cũng như \"lấy ra\" niềm hạnh phúc đích thực.', 0, NULL, NULL),
(77, 'Những Người Khổng Lồ Trong Giới Kinh Doanh', 3, 'Richard S.Tedlow', 'Nhà Xuất Bản Lao Động', 125000, 0, 12, 515, '15.5 x 24 cm', 'nhung nguoi khong lo.jpg', 2015, 'Những Người Khổng Lồ Trong Giới Kinh Doanh\r\n\r\nĐây là cuốn sách viết về những người Mỹ làm tốt nhất việc thành lập và phát triển những doanh nghiệp mới. Nó nói về những con người đã phá vỡ những nguyên tắc cũ và tạo ra những nguyên tắc mới, xây dựng nên những thế giới mới, quyết tâm lãnh đạo chứ không chịu bị lãnh đạo, khám phá những công cụ và công nghệ mới khi thời đại của họ mới chỉ mơ hồ ý thức được về chúng để phục vụ cho những thị trường, mà ở chừng mực nào đó, đã được chính họ tạo ra.\r\n\r\nBảy con người được khắc họa chân dung trong cuốn sách này là các cá nhân có động lực và sức cạnh tranh vô cùng lớn lao, họ đã sống trong một đất nước và nền văn hóa khuyến khích những đặc tính này và định hướng họ vào con đường kinh doanh. Mỗi người trong số họ theo cách riêng của mình, là một cá nhân xuất chúng, sống trong một quốc gia cho phép họ bộc lộ đầy đủ tài năng. Những con người ấy ở đất nước này đã được hưởng sự tự do như bất kì ai khác trên thế giới.\r\n\r\nTại sao lại là bảy người này? Lý do quan trọng nhất chính là cuộc đời và sự nghiệp của họ diễn ra trong một thời kì lâu dài. Andrew Carnegie sinh năm 1835. Ông trở thành một thế lực trong thế giới kinh doanh vào thập niên 1860. Tiểu sử của hai người cuối là Sam Walton và Robert Noyce, họ đều qua đời vào thập niên 1990. Vì vậy, sự nghiệp của họ đem lại cơ hội xem xét việc thành lập và phát triển những doanh nghiệp ở Hoa Kỳ đã thay đổi theo thời gian như thế nào.', 0, NULL, NULL),
(78, 'Quyền Năng Làm Giàu', 3, 'Napoleon Hill', 'Nhà Xuất Bản Lao Động Xã Hội', 99000, 0, 99, 365, '15.5 x 24 cm', 'quyen nang lam giau.jpg', 2017, 'Quyền Năng Làm Giàu\r\n\r\nCuốn sách được viết bởi tiến sỹ Napoleon Hill đã truyền cảm hứng cho hàng triệu người trên khắp thế giới, và những nguyên tắc mà Tiến sỹ Hill khám phá ra vẫn có giá trị ở thời điểm hiện tại giống như thời điểm diễn ra cuộc phỏng vấn đầu tiên của ông với ngài Andrew Carnegie vào năm 1908.\r\n\r\nCuốn sách này sẽ mang cho bạn những lợi ích tuyệt vời từ những cuộc phỏng vấn của tiến sỹ Hill với nhà tư bản vĩ đại Andrew Carnegie, người đã sống ở Scotland trước khi đến Mỹ và bắt đầu công việc với mức lương 1,2 đô la mỗi tuần vào năm mười ba tuổi. Công thức thành công được viết trong cuốn sách\"Quyền Năng Làm Giàu\" sẽ chứng minh rằng “Bạn sẽ đạt được bất cứ điều gì mà tâm trí bạn khao khát và tin tưởng.”', 0, NULL, NULL),
(79, 'Tư Duy Khác Biệt Của Người Giàu', 3, 'Hiromi Wada', 'Nhà Xuất Bản Thế Giới', 75000, 0, 7, 200, '13 x 20 cm', 'tu duy khac biet.jpg', 2017, 'Tư Duy Khác Biệt Của Người Giàu\r\n\r\nDù câu trả lời là gì, thì suy nghĩ của bạn cũng chẳng thay đổi một sự thật hiển nhiên: Cuộc đời của con người – từ lúc sinh ra cho đến lúc chết đi – đều cần phải dùng đến tiền.\r\n\r\nCó thể bạn không nhận ra, nhưng cuộc sống tồn tại một thứ gọi là “dòng sông tiền bạc”, và dòng sông ấy chỉ chảy về phía những người có lối tư duy tích cực, chấp nhận liều lĩnh, và không sợ hãi.\r\n\r\nVậy cụ thể, những người giàu có tư duy như thế nào? Vì sao họ có thể chi một đống tiền (đủ để cải thiện cuộc sống của một gia đình khó khăn) chỉ để trả cho một chiếc xe/ một con thú cưng/ một bữa tối/ một cuộc chơi thâu đêm suốt sáng tại câu lạc bộ cao cấp…? Những người ít tiền có thể phê phán cách tiêu xài này, cho rằng nó hoàn toàn phù phiếm. Nhưng điều đó vẫn không ngăn người giàu vung tiền hưởng thụ điều họ muốn. Hãy nhớ là, họ vốn chẳng bao giờ phải lo lắng về chuyện tiền bạc.', 0, NULL, NULL),
(80, 'Vua Bán Lẻ', 3, 'Neil Z. Stern', 'Nhà Xuất Bản Lao Động Xã Hội', 199000, 0, 199, 376, '13 x 20.5 cm', 'vua ban le.jpg', 2016, 'Vua Bán Lẻ (Tái Bản 2016)\r\n\r\nLĩnh vực bán lẻ cứ mỗi năm lại càng thêm phân cạnh tranh gắt gao hơn. Hiện nay khách hàng có nhiều sự lựa chọn hơn bao giờ hết và họ cũng trở nên kén chọn nơi mua hơn. Vạn người bán, may ra mới có trăm người mua - ấy vậy mà những người mua này lợi càng ngày càng lọc lõi và thông thái hơn; vậy nên cũng không có gì đáng ngạc nhiên khi một số tên tuổi lớn trong ngành bán lẻ gần đây cứ thi nhau sụp đổ.\r\n\r\nTừ Merry-Go-Round và eToys cho tới Service Merchandise và Woolworth, chiến trường bán lẻ giờ rải đầy xác của những vị anh hùng bại trận. Tại sao từng là ngôi sao sáng trên bầu trời kinh doanh, những cựu thủ lĩnh thị trường này lại rơi từ đỉnh cao danh vọng tiền tài xuống đống tro tàn nhanh tới mức họ còn không kịp nhận ra điều gì đó đã đẩy họ xuống?', 0, NULL, NULL),
(81, 'Dạy Con Làm Giàu (Tập 6)', 3, 'Robert T.Kiyosaki', 'Nhà Xuất Bản Trẻ', 82000, 0, 8, 325, '14 x 20 cm', 'day con lam giau 6.jpg', 2017, 'Dạy Con Làm Giàu (Tập 6)\r\n\r\nTrong những cuốn Dạy con làm giàu trước, các bạn đã được làm quen với Kim tứ đồ miêu tả bốn loại người trong thế giới tài chính. Nhóm L và T ở cột bên trái của Kim tứ đồ tượng trưng cho nhóm người làm công lĩnh lương và nhóm làm tư hay chủ kinh doanh nhỏ. Nhóm C và Đ bên phải của Kim tứ đồ tượng trưng cho chủ doanh nghiệp hay công ty và nhà đầu tư.\r\n\r\nNhững người chia sẻ các câu chuyện thành công của họ trong cuốn sách này đều muốn giành được một mục tiêu tương tự như nhau: sự tự do về tài chính. Tất cả họ đều phấn đấu để di chuyển sang cột bên phải của Kim tứ đồ.\r\n\r\nNhững câu chuyện của họ nói lên sự khác nhau giữa việc hoàn toàn phụ thuộc vào người khác để có thu nhập với việc kiểm soát cuộc sống tài chính của bản thân. Họ chia sẻ những vấn đề tài chính mà họ sợ phải đối mặt cũng như cách họ chinh phục nỗi sợ đó. Như người bố giàu khuyên bảo, họ phát triển con đường riêng thích hợp cho mình.', 0, NULL, NULL),
(82, '9 Bí Quyết Vận Dụng Luật Hấp Dẫn', 3, 'Pam Grout', 'Nhà Xuất Bản Lao Động', 69000, 0, 69, 263, '13 x 20.5 cm', '9 bi quyet.jpg', 2015, '9 Bí Quyết Vận Dụng Luật Hấp Dẫn\r\n\r\nLuật hấp dẫn khẳng định chắc chắn rằng tư duy của bạn điều khiển cuộc sống của bạn. Trong bạn luôn tồn tại một nguồn năng lượng vô hình, điều duy nhất bạn cần làm là tin tưởng vào sức mạnh nào đó. Khi bạn mong muốn một điều gì hay đang băn khoăn trước một lựa chọn quan trọng trong cuộc đời, bạn chỉ cần gọi tên điều đó, \"một lòng một dạ\" nghĩ về nó và chờ đợi, nguồn năng lượng vô hình sẽ giúp bạn làm tất cả các việc còn lại.\r\n\r\nBằng chín thí nghiệm giản đơn, không cần tốn thời gian hay tiền bạc, tác giả Pam Grout sẽ chứng minh cho bạn thấy các nguyên tắc về tinh thần như:\r\n\r\n- Luôn tồn tại một nguồn năng lượng vô hình\r\n\r\n- Khi bạn tập trung vào điều gì thì điều đó sẽ mở ra với bạn\r\n\r\n- Tư duy và nhận thức của bạn có tác động đến vật chất\r\n\r\n- Bạn kết nối với mọi người và mọi vật trong vũ trụ này...', 1, NULL, NULL),
(83, 'Cách Suy Nghĩ Của Người Giàu', 3, 'Steve Siebold', 'Nhà Xuất Bản Hồng Đức', 72000, 0, 72, 224, '13.5 x 21.5 cm', 'cach suy nghi.jpg', 2015, 'Cách Suy Nghĩ Của Người Giàu\r\n\r\nNếu bạn đang loay hoay tìm con đường dẫn đến sự giàu có, đây chính là kim chỉ nam để bạn bắt đầu cuộc hành trình.\r\n\r\nCuốn sách này là thành quả của tác giả Steve Siebold sau hơn 26 năm phỏng vấn những người giàu nhất thế giới. Bằng văn phong hóm hỉnh, ông nêu ra sự khác biệt trong lối tư duy của các đại tỷ phú và người bình thường; đồng thời giải đáp cho câu hỏi được nhiều người thắc mắc Người giàu nghĩ như thế nào?.\r\n\r\nĐiều làm nên thành công của các triệu phú \"không phải là tiền bạc mà là tư duy\". Cách suy nghĩ của người giàu chính là chìa khóa giúp bạn mở ra kho báu của sự giàu sang, trí tuệ, thành công và hạnh phúc… những điều bạn tìm kiếm bấy lâu nay.', 0, NULL, NULL),
(84, 'Khởi Nghiệp Ngay', 3, 'Jeremy Harbour', 'Nhà Xuất Bản Thanh Hóa', 65000, 0, 65, 216, '13,5 x 21 cm', 'khoi nghiep ngay.jpg', 2015, 'Khởi Nghiệp Ngay!\r\n\r\nNếu bạn mơ ước được làm chủ một công ty lớn, hãy hiện thực hóa ước mơ ấy với việc đọc cuốn sách này. Bằng giọng văn giản dị và hài hước, Khởi Nghiệp Ngay! mang đến cho bạn các thông tin, nguồn cảm hứng cần thiết để bắt đầu. Sách khuyến khích bạn bước vào bóng tối, cùng lúc chiếu soi ánh sáng để giúp bạn - một chủ doanh nghiệp mới - chinh phục mọi khó khăn.\r\n\r\nKhởi Nghiệp Ngay! cho thấy những kỹ năng và chiến thuật mà các ông chủ lớn đã thực hiện. Họ từng khởi nghiệp mà không cần số vốn quá lớn. Chỉ cần đam mê, can đảm và nỗ lực thực hiện ước mơ, bạn sẽ thành công như họ. Với sự thông thạo, tác giả và doanh nhân Jeremy Harbour sẽ giúp bạn tự tin đối đầu với nỗi sợ hãi, lập kế hoạch dài hạn cho sự thành công của bạn trong tương lai.', 0, NULL, NULL),
(85, 'Khả Năng Cải Thiện Nghịch Cảnh', 3, 'Nassim Nicholas Taleb', 'Nhà Xuất Bản Trẻ', 200000, 0, 20, 632, '15.5 x 23 cm', 'kha nang cai thien.jpg', 2015, 'Khả Năng Cải Thiện Nghịch Cảnh\r\n\r\nNassim Nicholas Tableb, tác giả quyển sách đình đám Thiên Nga Đen và là một trong những nhà tư tưởng hàng đầu thời đại chúng ta, trình bày cách làm thế nào để vươn lên trong một thế giới đầy bất trắc. Cũng hệt như xương cốt chúng ta trở lên cứng rắn hơn sau khi chịu sức ép và căng thẳng, hay những lời đồn thổi và bạo loạn càng bùng phát khi người ta cố gắng dập tắt chúng, nhiều thứ khác trong cuộc sống cũng được hưởng lợi nhờ căng thẳng, xáo trộn, biến động và hỗn loạn. Những gì Taleb nhận diện và gọi là “khả năng cải thiện nghịch cảnh” là loại sự việc chẳng những hưởng lợi từ hỗn loạn mà cần có hỗn loạn để tồn tại và phát triển.\r\n\r\nTrong cuốn Thiên Nga Đen, Taleb cho thấy những biến cố tưởng chừng không thể xảy ra và không thể nào dự đoán thường làm nền tảng cho gần như mọi thứ trong thế giới chúng ta. Trong Khả năng cải thiện nghịch cảnh, Taleb khẳng định vai trò quan trọng của tính bất định, làm cho nó trở lên đáng mong đợi, thậm chí cần thiết, và đề xuất sự việc nên được xây dựng sao cho có khả năng cải thiện nghịch cảnh. Khả năng cải thiện nghịch cảnh không chỉ là sự mạnh mẽ hay khả năng phục hồi. Khả năng phục hồi chỉ có thể chịu đựng những cú sốc và trở về nguyên trạng; trong khi khả năng cải thiện nghịch cảnh nghĩa là trở lên ngày càng tốt hơn. Hơn nữa, khả năng cải thiện nghịch cảnh còn miễn nhiễm trước những dự đoán sai lầm và được bảo vệ trước những biến cố bất lợi.', 0, NULL, NULL),
(86, '7 Ngày Khởi Nghiệp', 3, 'Dan Norris', 'Nhà Xuất Bản Lao Động', 55000, 0, 55, 209, '13 x 20.5 cm', '7 ngay khoi nghiep.jpg', 2015, '7 Ngày Khởi Nghiệp\r\n\r\nLàm kinh doanh có thể là bất cứ thứ gì mang lại đồng lương cho người sáng lập ra nó nhưng đấy không phải là startup. Startup thì thú vị hơn một chút khi có tiềm năng ảnh hưởng lớn, khả năng cách tân cao và… mức độ không chắc chắn cao. Chỉ cần 7 ngày  để khởi nghiệp thành công - đọc tới đây ắt hẳn sẽ có nhiều bạn đọc nghi ngờ. Tuy nhiên, Dan Norris là minh chứng cho sự thật khó tin đó.\r\n\r\nDan Norris là một doanh nhân đam mê với một nỗi ám ảnh đối với tiếp thị nội dung và được bình chọn top blogger kinh doanh nhỏ của Úc bởi tạp chí kinh doanh lớn nhất nước Úc, thông minh hơn ý tưởng kinh doanh trong năm 2013. Dan cũng là người đồng sáng lập trong WP Curve, một trong những công ty hỗ trợ nhanh nhất thế giới đang phát triển WordPress.', 0, NULL, NULL),
(87, 'Cuốn Sách Số 1 Về Tìm Việc', 3, 'Lynn Williams', 'Nhà Xuất Bản Lao Động Xã Hội', 78000, 54000, 54, 330, '15.5 x 24 cm', 'cuon sach so 1 ve tim viec.jpg', 2015, 'Cuốn Sách Số 1 Về Tìm Việc\r\n\r\nThay đổi công việc được đánh giá là một trong những trải nghiệm khó khăn nhất của cuộc đời. Tuy nhiên, thực tế có rất ít người trong chúng ta chỉ suốt đời làm một công việc từ lúc tốt nghiệp, vì vậy, dù lúc này hay lúc khác, bất cứ ai cũng sẽ phải trải qua việc thay đổi công việc. Vậy làm thế nào để bạn có thể tận dụng tốt nhất khi phải thay đổi công việc trong thời kì kinh tế khủng hoảng này, để đảm bảo bạn sẽ có được công việc bạn yêu thích, chứ không phải chấp nhận bất cứ công việc nào bạn tìm được?\r\n\r\nCông việc chiếm một phần ba cuộc đời chúng ta, là thứ chúng ta làm mỗi ngày cho tới tận lúc nghỉ hưu. Ai lại muốn dành một phần ba ngày của mình một cách không hạnh phúc để làm một công việc khiến bạn chán ghét? Đa số chúng ta không thích sự thay đổi, đặc biệt là thay đổi lớn trong nghề nghiệp, mặc cho việc không hài lòng với công việc hiện tại đang gây ảnh hưởng tới mọi mặt của cuộc sống, tác động tiêu cực tới quan hệ cá nhân và khiến gia đình chúng ta cũng chịu ảnh hưởng xấu. Không những thế, việc không hài lòng với công việc còn gây tác động xấu tới sức khỏe. Cuốn sách này sẽ giúp bạn có được việc làm bạn mong muốn. Nó sẽ không cung cấp những kỹ năng chuyên môn cho bạn - điều này bạn nên tìm tới các trường đại học và dạy nghề. Điều cuốn sách đem lại là các kỹ năng hiệu quả giúp công cuộc tìm việc của bạn trở nên nhẹ nhàng và giúp hồ sơ xin việc của bạn nhận được phản hồi tích cực từ nhà tuyển dụng.', 0, NULL, NULL),
(88, 'Giao Tiếp Chuyên Nghiệp Để Bán Hàng Thành Công', 3, 'Mạc Hạo Kiệt', 'Nhà Xuất Bản Thanh Niên', 86000, 60000, 60, 292, '16 x 23 cm', 'giao tiep chuyen nghiep.jpg', 2017, 'Giao Tiếp Chuyên Nghiệp Để Bán Hàng Thành Công\r\n\r\nTrên thực tế, tài ăn nói thực ra đều được hình thành thông qua quá trình học tập và rèn luyện liên tục không ngừng. Nó là kết quả của sự tích lũy. Chúng ta nhìn thấy những bậc thầy về bán hàng đều giỏi ăn nói, tài ăn nói của họ thực chất đều được rèn luyện qua nhiều năm tháng làm công việc bán hàng. Dĩ nhiên, điều đó còn cần có một tiền đề, đó chính là họ nắm được phương pháp rèn luyện tài ăn nói nhất định.\r\n\r\nVì thế, nếu bạn cũng muốn trở thành cao thủ bán hàng, bạn cũng muốn mình có sức hút trong từng lời nói, vậy thì bắt đầu từ bây giờ, hãy chăm chỉ luyện tập, đồng thời nắm chắc phương pháp rèn luyện tài ăn nói hữu hiệu. Cuốn sách này sẽ mang đến cho bạn phương pháp có thể khiến tài ăn nói của bạn tiến bộ nhanh chóng.', 0, NULL, NULL),
(89, 'Tư Duy Logic', 3, 'D.Q.McInery', 'Nhà Xuất Bản Thanh Niên', 59000, 41000, 41, 160, '12 x 20 cm', 'tu duy logic.jpg', 2017, 'Tư Duy Logic (Being Logical) - Để Nghĩ Thông Minh Hơn (Tái Bản)\r\n\r\nChìa khóa để con người có thể phát triển hoàn thiện bản thân và có khả năng hoạch định những kế hoạch cho công việc và cuộc sống của mình chính là  \"Tư duy Logic\" .\r\n\r\nCon người sử dụng tư duy trong hoạt động cuộc sống của mình, khác với loài vật chỉ sử dụng bản năng để sinh tồn. Con người, trước khi bắt tay vào hoạt động thực tiễn cải tạo thế giới, đều đã có sẵn dự án trong đầu. Sự khác biệt ấy là vì con người có tư duy và biết vận dụng sức mạnh của tư duy vào việc thực hiện các mục đích của mình. Vì vậy, Tư duy Logic chính là nền tảng của mọi tri thức.\r\n\r\nD.Q.McInery là một triết gia Công giáo La Mã, Mỹ, Giáo sư triết học giảng dạy ở nhiều trường đại học, và là tác giả của rất nhiều cuốn sách: Tư duy logic, Thần học tự nhiên, Huyền học,… Một số tác phẩm của ông xuất hiện dưới bút danh Harry Austin, MatthewFitzRalph, Ernan Mackey, Edward Mackin, và Monica Quill.', 0, NULL, NULL),
(90, '6 Chiếc Mũ Tư Duy', 3, 'Edward de Bono', 'Nhà Xuất Bản Thế Giới', 75000, 51000, 51, 272, '13 x 20.5 cm', '6 chiec mu.jpg', 2017, '6 Chiếc Mũ Tư Duy\r\n\r\nLối suy nghĩ truyền thống của người phương Tây (và của con người nói chung) thuờng không khuyến khích họ có những suy nghĩ mang tính xây dựng. Và Phương pháp Sáu Chiếc Mũ Tư Duy (tư duy song song) ra đời là để thay đổi quan điểm lỗi thời đó.\r\n\r\nTư duy song song có nghĩa là vào cùng một thời điểm, tất cả mọi người đều nhìn nhận vấn đề từ cùng một hướng.\r\n\r\nPhương pháp tư duy song song tập trung khai thác những ý tưởng và sáng kiến mà mỗi người có được trong từng phuơng hướng tư duy. Vì thế, mọi người phải cùng đội chiếc mũ màu đen vào một thời điểm được chỉ định, sau đó tất cả lại đội lên đầu chiếc mũ màu trắng vào một lúc khác. Chỉ như thế mới là tư duy song song, và chỉ có thế ta mới sử dụng được một cách hoàn toàn và đầy đủ kinh nghiệm cũng như sự thông minh của mỗi người.', 1, NULL, NULL),
(91, 'Con Người 80/20: 9 Yếu Tố Cốt Lõi Của Thành Công 80/20 Trong Công Việc', 3, 'Richard Koch	', 'Nhà Xuất Bản Trẻ', 75000, 51000, 51, 268, '14.5 x 20.5 cm', 'con nguoi 80 20.jpg', 2017, 'Con Người 80/20: 9 Yếu Tố Cốt Lõi Của Thành Công 80/20 Trong Công Việc (Tái Bản 2017)\r\n\r\nNgày nay những cá nhân sáng tạo và tập thể của họ đang là nguồn động lực mới cho sự phát triển kinh tế, mang đến sự thịnh vượng cho các công ty và các quốc gia.\r\n\r\nỞ cuốn sách này Richard Koch nêu ra 9 điểm cốt lõi của nguyên lý 80/20 mà mỗi người cần nắm bắt để thành con người 80/20, để thành công trong công việc. Đó là cách để nhận ra sự sáng tạo của bản thân, những ý tưởng mới xuất sắc, những yếu tố sống còn để biến ý tưởng thành nguồn lợi nhuận…\r\n\r\nCon người 80/20 là những người biết nhận ra những nơi, những điểm của bản thân cần tập trung để chỉ cần nỗ lực 20% nhưng đạt được 80% kết quả và có được cuộc sống hạnh phúc thành đạt.', 0, NULL, NULL),
(92, 'TedBooks - Vì Sao Chúng Ta Làm Việc', 3, 'Barry Schwartz', 'Nhà Xuất Bản Lao Động', 55000, 37000, 37, 159, '13 x 19 cm', 'vi sao chung ta lam viec.jpg', 2017, 'TedBooks - Vì Sao Chúng Ta Làm Việc\r\n\r\nTại sao chúng ta làm việc? Tại sao mỗi sáng ta lại phải kéo lê mình ra khỏi giường thay vì sống cuộc đời ngập tràn niềm vui với hết trò này đến trò khác?\r\n\r\nNhưng câu hỏi tưởng như thật đơn giản và ai cũng dễ dàng trả lời. Nhưng Giáo sư Barry Schwartz lại chứng minh rằng thật ra câu trả lời lại vô cùng phức tạp, đáng kinh ngạc và vô cùng khẩn cấp.\r\n\r\nTa làm việc vì ta phải kiếm sống. Chắc chắn rồi, nhưng chỉ có vậy thôi sao? Tất nhiên là không rồi. Khi bạn hỏi những người hài lòng với công việc tại sao họ làm công việc ấy, thì gần như tiền không phải là câu trả lời. Danh sách những lý do phi-tiền-bạc rất dài và rất thú vị.\r\n\r\nNhiều người làm việc vì họ thấy vui. Những người hài lòng với công việc lao động vì thấy có trách nhiệm. Những người khác làm việc vì đó là cơ hội để hòa nhập cộng đồng. Nhiều người làm việc vì họ cảm thấy việc mình làm thật ý nghĩa.', 0, NULL, NULL),
(93, 'Tảng Băng Tan', 3, 'John Kotter', 'Nhà Xuất Bản Tổng hợp TP.HCM', 148000, 125000, 12, 158, '14 x 20 cm', 'tang bang tan.jpg', 2017, 'Tảng Băng Tan (Sách Tái Bản 2017)\r\n\r\n\"Tảng băng tan” (Our Iceberg Is melting) tên tựa đề của một cuốn sách nói về quá trình đổi mới và thành công trong mọi hoàn cảnh của John Kotter và Holger Rathgeber. Tác giả trình bày về quá trình giải quyết vấn đề và đổi mới thông qua câu chuyện của một bộ lạc chim cánh cụt phát hiện ra tảng băng chúng đang sống đang tan ra và sau đó là những nỗ lực để đổi mới thích ứng với hoàn cảnh. Trước hết người viết sẽ tóm tắt lại câu chuyện, sau đó là giới thiệu về 8 bước của quy trình đổi mới được nêu ra trong cuốn sách. Cuối cùng là một số nhận xét và đánh giá về cuốn sách này.\r\n\r\n\r\nTảng băng tan\r\n\r\nMột bộ lạc chim cánh cụt đang sống yên ổn và vui vẻ trên một tảng băng lớn, cuộc sống vẫn diễn ra bình an cho đến một ngày có một chú chim tên là Fred sau nhiều thời gian và bằng nhiều phương pháp nghiên cứu khoa học đã phát hiện ra rằng tảng băng mà đàn chim đang sống đang tan ra nhanh chóng. Fred nhận thấy cần phải thông báo với Hội đồng Lãnh đạo về vấn đề này để tìm cách giải quyết. Fred đã rất khôn ngoan trước khi thông báo chính thức với hội đồng, chàng chim cánh cụt này đã tìm đến một cô chim cánh cụt có uy tín và ảnh hưởng trong Hội đồng Lãnh đạo tên là Alice để trình bày về vấn đề. Sau khi thuyết phục được Alice về mức độ nghiêm trọng của sự việc, Alice cùng Fred lập kế hoạch hành động để thuyết trình trước Hội đồng. Fred đã sử dụng nhiều phương pháp trình bày độc đáo và sáng tạo có tính trực quan sinh động tạo ra ấn tượng đặc biệt và thu hút.', 0, NULL, NULL),
(94, 'Từ Tơ Lụa Đến Silicon - Câu Chuyện Về Toàn Cầu Hóa Thông Qua 10 Cuộc Đời Lạ Thường', 3, 'Jeffrey E.Garten', 'Nhà Xuất Bản Trẻ', 153000, 107000, 10, 400, '15.5 x 23 cm', 'tu to lua.jpg', 2017, 'Từ Tơ Lụa Đến Silicon\r\n\r\nSách nghiên cứu cuộc đời và sự nghiệp của 10 nhân vật có nhiều ảnh hưởng, tạo ra những bước ngoặt trong sự phát triển của lịch sử thế giới, bao gồm: Gengis Khan, hoàng tử Henry, Robert Clive, Mayer Amschel Rothschild, Cyrus Field, John D. Rockefeller, Jean Monnet, Magaret Thatcher, Andrew Grove, Đặng Tiểu Bình và bàn thêm về người giỏi nhất còn chưa xuất hiện. Tuy nhiên, sách không chỉ nói về lịch sử mà bàn về những việc làm của họ xét ở góc độ người quản lý hiện đại, vì thế sách có tính ứng dụng cho hiện tại và tương lai.', 0, NULL, NULL),
(95, 'Cuộc Chiến Disney', 3, 'James B. Stewart', 'Nhà Xuất Bản Lao Động', 179000, 123000, 12, 663, '15.5 x 24 cm', 'cuoc chien disney.jpg', 2017, 'Cuộc Chiến Disney\r\n\r\nCuộc chiến Disney là câu chuyện mê hoặc về một trong những công ty giải trí và truyền thông quyền lực nhất nước Mỹ, về những người lãnh đạo nó cũng như những người muốn lật đổ chế độ cai trị đó. Một câu chuyện đầy những nút thắt, những nhân vật để đời và đạt tới đỉnh cao ly kỳ, hồi hộp đến mức hoàn toàn có thể là chủ đề cho một bộ phim thần thoại về Disney, chỉ có điều chúng hoàn toàn là sự thật.\r\n\r\nCác bạn sẽ được chứng kiến quá trình ra đời của những bộ phim huyền thoại như Nàng tiên cá, Người đẹp và Quái thú, Vua Sư tử, Aladdin và cây đèn thần, Câu chuyện đồ chơi, Cướp biển vùng Ca-ri- bê. Các bạn sẽ được gặp lại những cái tên đình đám như Tom Hanks, Steve Jobs, Pixar, Johnny Depp. Cùng với đó là lịch sử hoạt động suốt 20 năm của Disney, từ năm 1984 đến năm 2003, dưới sự dẫn dắt của Michael Eisner, tràn đầy những thăng trầm, những cuộc chiến phe cánh, tranh giành quyền lợi, chức vụ, những chiến lược kinh doanh, v.v. Có\r\nthể nói, toàn bộ cuốn sách là một vở kịch bi tráng và sống động về quá trình phát triển của Disney, một trong những đế chế có ảnh hưởng nhất thế giới.', 1, NULL, NULL),
(96, '7 Thói Quen Hiệu Quả', 3, 'Stephen R. Covey', 'Nhà Xuất Bản Tổng hợp TP.HCM', 145000, 116000, 11, 470, '15 x 23 cm', '7 thoi quen.jpg', 2017, '7 Thói Quen Hiệu Quả\r\n\r\nTác phẩm \"7 Thói quen Hiệu quả / 7 Habits for Highly Effective People\" đã ra đời hơn 25 năm, được biết đến là cuốn sách quản trị (quản trị bản thân và quản trị tổ chức) bán chạy nhất mọi thời đại với hơn 30 triệu bản bán ra trên toàn thế giới và được dịch sang 40 ngôn ngữ. Sách có mặt tại thị trường Việt Nam hơn 10 năm nay dưới cái tên \"7 Thói quen để Thành đạt\" . Ấn bản mới năm 2016 được đặt lại đúng với cái tên mộc mạc vốn có của bản gốc Tiếng Anh và có nội dung không chỉ được dịch lại toàn bộ cho sát nghĩa, dễ đọc hơn với các độc giả mà còn được cập nhật thêm những công cụ và ví dụ thực tiễn từ phiên bản nước ngoài mới nhất và có hình ảnh bìa (màu xanh đậm) giống với phiên bản gốc mới nhất.\r\n\r\nTrích lời giới thiệu của nhà giáo Giản Tư Trung – tác giả sách Đúng Việc (lời giới thiệu chỉ có trong ấn bản tiếng Việt được dịch bởi FranklinCovey Việt Nam):\r\n\r\nTên đầy đủ của cuốn sách này, nếu dịch sát nghĩa sẽ là: \"7 Thói quen của người có hiệu quả vượt trội\", còn nếu dịch một cách ngắn gọn nhưng vẫn sâu sắc sẽ là \"7 Thói quen Hiệu quả\". Gần như Stephen Covey đã dành cả cuộc đời mình để nghiên cứu về tính hiệu quả của con người, để đi tìm câu trả lời cho ba câu hỏi lớn lao, đó là: \"Vì sao con người ta trở nên ít hiệu quả?\", \"Điều gì làm cho con người ta trở nên hiệu quả cao?\" và \"Điều gì tạo nên hiệu quả bền vững?\", và \"7 Habits\" chính là sự đúc kết sự nghiệp nghiên cứu cả đời của ông cho ba câu hỏi mang tính \"muôn đời\" đó.', 0, NULL, NULL),
(97, 'Hành Trình Xa Xứ - Giấc Mơ Quốc Gia Khởi Nghiệp', 3, 'Nguyễn Hữu Thái Hòa', 'Nhà Xuất Bản Tổng hợp TP.HCM', 148000, 0, 14, 200, '16 x 24 cm', 'hanh trinh xa xu.jpg', 2017, 'Hành Trình Xa Xứ - Giấc Mơ Quốc Gia Khởi Nghiệp (Bìa Cứng)\r\n\r\n \r\n\r\n“Giấc mơ quốc gia khởi nghiệp – Hành trình xa xứ” là câu chuyện về con đường khởi nghiệp doanh nhân Nguyễn Hữu Thái Hòa, cái tên quen thuộc cả ở lĩnh vực kinh doanh, công nghệ lẫn văn nghệ. Trở về sau hơn 17 năm học tập và làm việc tại các quốc gia tiên tiến như Canada, Pháp… khái niệm “khởi nghiệp” của Nguyễn Hữu Thái Hòa không gói gọn trong việc tự doanh mà còn bao hàm cả việc lập thân, gây dựng nhân hiệu… Đó chính là lý do, quyển tự truyện này không chỉ có giá trị với giới start-up mà còn có thể trở chiếc la bàn định hướng cho phần\r\nlớn thanh niên Việt Nam.\r\n\r\n', 1, NULL, NULL),
(98, 'Lối Mòn Của Tư Duy Cảm Tính', 3, 'Rom Brafman', 'Nhà Xuất Bản Tổng hợp TP.HCM', 68000, 0, 68, 248, '13 x 20.5 cm', 'loi mon cua tu duy.jpg', 2016, 'Lối Mòn Của Tư Duy Cảm Tính\r\n\r\nDựa trên những nghiên cứu sâu sắc về các lĩnh vực tâm lý xã hội, kinh tế học hành vi và hành vi tổ chức, nhà lý luận xã hội học nổi tiếng Ori Brafman đã khám phá ra nhiều tác động tâm lý có sức ảnh hưởng đến đời sống cá nhân và công việc của mỗi người, bao gồm tâm lý lo sợ thiệt hại (xu hướng thoái lui nhằm tránh thiệt hại, tổn thất có thể xảy ra), hiện tượng sai lệch chẩn đoán (tình trạng con người mất khả năng đánh giá và nhận định lại những xét đoán ban đầu về một người hay một sự việc nào đó) và hiệu ứng tắc kè hoa (xu hướng chấp nhận cả những tính cách vốn bị người khác gán ghép tùy tiện cho bản thân mình).\r\n\r\nLối Mòn Của Tư Duy Cảm Tính không chỉ giúp bạn thay đổi quan hệ về thế giới xung quanh mà còn giúp bạn thay đổi cách tư duy của chính mình. Với lối mòn của tư duy cảm tính, hai tác giả Ori và Rom mang đến cho người đọc những nhận định khách quan, giải thích cho hàng loạt các hành vi cảm tính đồng thời giới thiệu về các phương pháp có thể giúp chúng ta chế ngự và vượt quan những tác động tiêu cực của lối tư duy này.', 0, NULL, NULL);
INSERT INTO `products` (`id`, `name`, `id_category`, `author`, `publisher`, `unit_price`, `promotion_price`, `amount`, `pages`, `book_size`, `image`, `year_publish`, `description`, `new`, `created_at`, `updated_at`) VALUES
(99, '20 Phút Làm Chủ Thời Gian', 3, 'Harvard Business Review Press', 'Nhà Xuất Bản Thế Giới', 49000, 0, 49, 104, '12 x 18 cm', '20 phut lam chu.jpg', 2016, '20 Phút Làm Chủ Thời Gian (20 Minute Manager)\r\n\r\nBạn có quá nhiều việc để làm nhưng lại có quá ít thời gian. Điều đó khiến bạn mệt mỏi, căng thẳng và gây ảnh hưởng không nhỏ đến thành công của mỗi người. Mặc dù không có phép màu nào để thêm giờ cho một ngày, nhưng mỗi người đều có thể học cách quản lý thời gian của bản thân thật hiệu quả, bất kể thời gian của chúng ta có hạn hẹp thế nào đi chăng nữa. Những kỹ năng được giới thiệu trong 20 phút làm chủ thời gian sẽ giúp bạn thực hiện điều đó.\r\n\r\nBạn là một doanh nhân bận rộn đang lo lắng về khả năng quản lý của mình?\r\n\r\nHãy lướt nhanh qua những kỹ năng cần thiết nhất trong bộ sách 20 Minute Manager của Harvard Business Review Press.\r\n\r\nMỗi cuốn trong 10 cuốn sách nhỏ này sẽ là nơi tập hợp những lời khuyên chính xác, thiết thực nhất về từng lĩnh vực quản lý, giúp bạn nắm vững chúng trong thời gian ngắn nhất.', 0, NULL, NULL),
(100, 'Vị Giám Đốc Một Phút: Phương Pháp Quản Lý Hiệu Quả Nhất Thế Giới', 3, 'Nhà Xuất Bản Tổng hợp TP.HCM', 'Ken Blanchard', 38000, 0, 38, 200, '13 x 20.5 cm', 'vi giam doc.jpg', 2016, 'Vị Giám Đốc Một Phút: Phương Pháp Quản Lý Hiệu Quả Nhất Thế Giới (Tái Bản)\r\n\r\nVị Giám Đốc Một Phút: Phương Pháp Quản Lý Hiệu Quả Nhất Thế Giới cho rằng muốn điều hành và quản lý công việc được tốt, người lãnh đạo phải giúp nhân viên lập ra mục tiêu một phút, đồng thời phải luôn dành ra một phút khen ngợi những thành quả tốt của nhân viên để khích lệ tinh thần làm việc của mọi người và một phút khiển trách đối với các việc làm sai trái của nhân viên để giúp họ hiểu rõ trách nhiệm của mình và hoàn thiện bản thân.\r\n\r\nNhờ áp dụng những bí quyết hữu ích từ Giám đốc Một phút, chàng thanh niên trẻ đã tìm ra phương cách quản lý cho riêng mình và anh cũng sớm trở thành vị Giám đốc Một phút.\r\n\r\nCâu chuyện thú vị trong cuốn sách sẽ chia sẻ với các bạn rất nhiều điều. Đó là những kiến thức đã được đúc kết từ những những nghiên cứu trong các lĩnh vực tâm lý học, y học và khoa học hành vi về cách con người hợp tác tốt nhất với người khác để giúp bạn hoàn thành được xuất sắc trong vai trò quản lý của mình.\r\n', 0, NULL, NULL),
(101, 'Người Giàu Đều Nghĩ Như Thế', 3, 'Samuel Smiles', 'Nhà Xuất Bản Hồng Đức', 115000, 0, 11, 150, '16 x 24 cm', 'nguoi giau deu.jpg', 2016, 'Người Giàu Đều Nghĩ Như Thế\r\n\r\nTừng có nhiều người hỏi Warren Buffett làm thế nào để trở thành một người giàu có, ông thẳng thắn bày tỏ rằng vấn đề này rất khó trả lời, vì rất nhiều người cả đời không có gì hết, chỉ có rất ít người bước lên được đỉnh kim tự tháp giàu có. Nhưng Buffett không biết rằng, vấn đề từng làm khó ông đã có người giải quyết được nó từ thế kĩ 19, người này chính là Samuel Smiles.\r\n\r\nCuốn sách Người giàu đều nghĩ như thế đã được tiết lộ cho chúng ta nguyên nhân dễ dàng phát hiện được sự thật: cuộc sống của những người giàu có đều không giống nhau, nhưng tư tưởng của họ đều có điểm xuất phát giống nhau. Người giàu đề cao tiết kiệm, vì họ tin rằng, tiết kiệm có thể phòng tránh được sự nghèo khổ, có thể giúp họ kiên trì đến cùng trong khó khăn; người giàu biết được tiền của họ có thể tích lũy dựa vào lao động và trí tuệ, vì thế họ không tin vào câu truyện cổ tích \" giàu lên qua một đêm\"; người giàu luôn luôn có thể nắm bắt được tất cả những cơ hội trong cuộc sống, còn có điểm khác biệt lớn nhất giữa người giàu và người nghèo họ kịp thời nắm bắt được những cơ hội trong cuộc đời; người giàu đều có thể duy trì được tâm thái thành công tích cực.', 0, NULL, NULL),
(102, 'Ấm Êm Ngộ Nghĩnh', 2, 'Phạm Anh Xuân', 'Công Ty Cổ Phần Văn Hóa Đông A', 60000, 40000, 40, 104, '16 x 24 cm', 'em em ngo nghinh.jpg', 2018, '<pre>Ấm Êm Ngộ Nghĩnh\r\n\r\n… Rồi tôi nhận ra rằng thế giới trẻ thơ đã trở thành mạch nguồn cho tôi một “ân huệ cuộc đời”… viết “Thơ cho bé”. Và càng viết nhiều “Thơ cho bé”, tôi càng thấy thế giới trẻ thơ rộng lớn. Bởi cùng với thế giới thực vốn đã cực kỳ sống động, trẻ thơ còn có thế giới mộng mơ, tưởng tượng rộng lớn không cùng.\r\nVà tôi vẫn còn nuôi dưỡng ước mơ: Từng ngày tôi vẽ những bức tranh bằng thơ về thế giới của trẻ con thật đáng yêu và sinh động!\r\n</pre>', 1, NULL, NULL),
(103, 'Tuổi Thơ Trong Trẻo', 2, 'Phạm Anh Xuân', 'Công Ty Cổ Phần Văn Hóa Đông A', 60000, 40000, 40, 104, '16 x 24 cm', 'tuoi tho trong treo.jpg', 2018, '<pre>Ấm Êm Ngộ Nghĩnh\r\n\r\n… Rồi tôi nhận ra rằng thế giới trẻ thơ đã trở thành mạch nguồn cho tôi một “ân huệ cuộc đời”… viết “Thơ cho bé”. Và càng viết nhiều “Thơ cho bé”, tôi càng thấy thế giới trẻ thơ rộng lớn. Bởi cùng với thế giới thực vốn đã cực kỳ sống động, trẻ thơ còn có thế giới mộng mơ, tưởng tượng rộng lớn không cùng.\r\nVà tôi vẫn còn nuôi dưỡng ước mơ: Từng ngày tôi vẽ những bức tranh bằng thơ về thế giới của trẻ con thật đáng yêu và sinh động!\r\n</pre>', 1, NULL, NULL),
(104, 'Truyện Cổ Andersen - Tập 2', 2, 'H.C. Andersen', 'Nhà Xuất Bản Kim Đồng', 88000, 52000, 52, 452, '13 x 19 cm', 'truyen co andersen 2.jpg', 2018, '<pre>\r\nTruyện Cổ Andersen - Tập 2\r\n\r\nNhà xuất bản Kim Đồng trân trọng giới thiệu tới độc giả ấn bản “Truyện cổ Andersen”, bản dịch của Trần Minh Tâm. Theo nhà nghiên cứu văn hóa Hữu Ngọc, đây là bản dịch “đầy đủ nhất, nêu bật được tinh thần bản gốc Đan Mạch nhất”. Bộ truyện sưu tập khá đầy đủ truyện kể của Andersen, văn phong dịch gần với văn phong của Andersen.\r\n\r\nNhà văn Nguyễn Tuân từng viết: “Em nhỏ nào đã đọc qua truyện ngắn Andersen thì trọn đời không khi nào quên và dửng dưng với thơ ca, mộng ước, tình thương yêu và lòng công bằng. Còn trứng nước, người độc giả tí hon thấy ở truyện Andersen cái thế giới tưởng tượng xa xôi có yêu tinh nhưng cũng có nàng tiên, và sớm biết rằng kẻ ác dù oai tợn đến đâu rồi cuối cùng cũng cứ lăn chiêng đổ nhào.\r\n\r\nLớn dần lên, tưởng tượng dồi dào hơn, bạn đọc sẽ thấy nhân vật là những người cố gắng vượt khó để tiến gần lên công lí và nhích tới chân lí.\r\n</pre>', 1, NULL, NULL),
(105, 'Treo Mặt Trời', 2, 'Bạch Băng', 'Huy Hoang Bookstore', 48000, 28000, 28, 28, '23.5 x 24 cm', 'treo mat troi.jpg', 2018, '<pre>\r\n\r\nTreo Mặt Trời\r\n\r\nVoi con thật khỏe, cậu ấy đá bóng cao tít tận mặt trời, làm mặt trời chóng mặt, rụng đâu không rõ. Khắp mặt đất lạnh giá và tối tăm. Làm thế nào để các bạn nhỏ tinh nghịch tìm lại được mặt trời và đưa lên không trung đây?\r\n\r\nCâu chuyện giàu nhân văn, hài hước, thú vị cùng nét vẽ thơ ngây, phóng khoáng rực rỡ đem lại những liên tưởng vô hạn, giúp trí tưởng tượng của các bé thêm bay bổng.\r\n</pre>', 1, NULL, NULL),
(106, 'Chuột Con Đổi Mẹ', 2, 'Bạch Băng', 'Huy Hoang Bookstore', 78000, 46000, 46, 35, '23.5 x 24 cm', 'chuot con doi me.jpg', 2018, 'Chuột Con Đổi Mẹ\r\n\r\nBé nào chẳng có lúc bị mẹ giận, bị mẹ la mắng. Chuột con cũng vậy và chuột con quyết định tìm cho mình 1 người mẹ khác. Nhưng liệu chuột con có hạnh phúc với người mẹ mới?\r\n\r\nChuột con đổi mẹ là câu chuyện ý nghĩa, giàu nhân văn dành cho trẻ thơ', 1, NULL, NULL),
(107, 'Nhật Ký Kẻ Cô Đơn', 6, 'Kota Nozomi', 'Quảng Văn', 79000, 51000, 51, 224, '13 x 18 cm', 'nhat ky ke co don.jpg', 2018, 'Nhật ký kẻ cô đơn\r\n\r\nMột câu chuyện giả tưởng đầy điên loạn của những kẻ bất thường! \r\n\r\nCâu chuyện kể về một chàng trai mười tám tuổi tên là Shidou, mặc dù chẳng nợ nần chồng chất, chẳng thất tình cũng chẳng hề bị bắt nạt, mặc dù đang sống một cuộc đời rất vui vẻ, nhưng ... cậu lại muốn chết. Bởi vì cậu cảm thấy bản thân đã hoàn thành rồi, giống như chuỗi domino đã hoàn chỉnh, chỉ còn công đoạn cuối là kéo đổ mà thôi. \r\n\r\nTình cờ tìm được một dòng quảng cáo trên mạng về cửa tiệm tự sát, và sau khi đồng ý bỏ ra hai mươi nghìn yên để được giúp đỡ tự sát, cậu có khoảng thời gian một tuần để suy nghĩ lại cũng như chuẩn bị cho cái chết của mình.\r\n\r\nRốt cuộc đến cuối cùng, Shidou có được hạnh phúc theo cách bản thân cậu mong muốn?', 1, NULL, NULL),
(108, 'Tài Năng Và Người Thưởng Thức', 6, 'Đặng Anh Đào', 'Công ty Cổ phần sách và Công nghệ giáo dục Việt Nam - Eduking', 89000, 75000, 75, 364, '20.5 x 13.5 cm', 'tai nang va nguoi thuong thuc.jpg', 2018, 'Tài Năng Và Người Thưởng Thức\r\n\r\nLà sách phê bình và lý luận văn học trong nhiều phạm vi khác nhau. Với những ý kiến mới lạ, riêng biệt, Đặng Anh Đào đưa người đọc tiếp cận sâu hơn, kỹ lưỡng hơn với các vấn đề văn học, và các đề tài mà tác giả đề cập không giới hạn trong một khuôn khổ bó hẹp, cụ thể: Kiếp luân hồi của Nguyễn Trãi qua Nguyễn Thị Lộ, Chuyển hóa và biến thái trong âm hưởng bài thơ Ông Đồ của Vũ Đình Liên, Những tiếng nói giao hòa trong ngôn ngữ Hồ Chí Minh, Cách mạng Pháp qua cảm nhận của nhà văn Việt Nam, Gió Đông gió Tây: ảnh hưởng và giao thoa trong văn học Việt Nam hiện đại...', 1, NULL, NULL),
(109, 'Đọc Văn Học Văn', 6, 'Trần Đình Sử', 'Công ty Cổ phần sách và Công nghệ giáo dục Việt Nam - Eduking', 118000, 100000, 10, 390, '	\r\n13.5 x 20.5 cm', 'doc van hoc van.jpg', 2018, 'Đọc Văn Học Văn!', 0, NULL, NULL),
(110, 'Không Gia Đình', 6, 'Hector Malot', 'Trí Việt', 99000, 59000, 59, 580, '13 x 19 cm', 'khong gia dinh.jpg', 2018, 'Không Gia Đình\r\n\r\nKhông gia đình của Hector Malot - nhà văn chuyên viết tiểu thuyết Pháp, là tác phẩm nổi tiếng, đã vượt qua biên giới nước Pháp và tồn tại lâu dài với thời gian. Tác phẩm đã được nhiều dịch giả Việt Nam quan tâm và đem đến cho bạn đọc.\r\n\r\nTác phẩm kiến người đọc sẽ nắm được sự ca ngợi tinh thần lao động bền bỉ, tính tự lập, chịu đựng gian khó, khích lệ tình bạn chân chính. Ca ngợi lòng nhân ái, tình yêu cuộc sống, ý chí vươn lên không ngừng… Cuốn sách, mang đến cho người đọc một bài học quý giá cho mỗi chúng ta về tình yêu thương giữa con người với con người. Để những ai “có gia đình” suy ngẫm, làm sao sống cho tốt, xứng đáng với cái may mắn mà số phận ban cho.', 1, NULL, NULL),
(111, 'Tào Tháo - Thánh Nhân Đê Tiện', 6, 'Vương Hiểu Lỗi', 'Alphabooks', 199000, 119000, 11, 700, '14 x 20.5 cm', 'tao thao thanh nhan de tien.jpg', 2018, 'Tào Tháo - Thánh Nhân Đê Tiện (Tái Bản) \r\n\r\nTào Tháo là một tên tuổi trong lịch sử Trung Quốc, là người không chỉ tài giỏi trong lĩnh vực chính trị, quân sự và còn có tài thơ ca. Tuy nhiên, hình ảnh về ông không được các nhà nho ưa thích và thường được mang ra làm biểu tượng cho sự dối trá, vô liêm sỉ. Alpha Books xin giới thiệu đến độc giả bộ tiểu thuyết đầy đủ nhất, sống động nhất, mới mẻ nhất về cuộc đời của Tào Tháo - Thánh nhân đê tiện. Sách sẽ ra mắt độc giả trong quý I năm 2014.\r\n\r\nTào Tháo tự Mạnh Đức là nhà chính trị, quân sự kiệt xuất cuối thời Đông Hán trong lịch sử Trung Quốc. Ông là người đặt nền móng cho thế lực quân sự cát cứ ở miền Bắc Trung Hoa, lập nên chính quyền Tào Ngụy thời Tam Quốc. Là người có công lớn trong việc dẹp loạn khăn vàng và Đổng Trác. Tuy nhiên, hình ảnh về ông không được các nhà nho ưa thích và thường được mang ra làm biểu tượng cho sự dối trá, vô liêm sỉ. Tào Tháo còn là một nhà thơ xuất sắc. Ông và hai con trai Tào Phi, Tào Thực được đời sau gọi là Tam Tào, cùng với nhóm Kiến An thất tử và nữ sĩ Thái Diễm hình thành nên trào lưu mới trong văn học thời Hán mạt, gọi chung là Kiến An phong cốt.\r\n\r\nBộ tiểu thuyết gồm 10 tập này là một bức tranh đầy đủ và toàn diện nhất về cuộc đời và con người của Tào Tháo. Ngay khi được xuất bản ở Trung Quốc bộ sách đã được độc giả đón nhận nhiệt liệt.', 1, NULL, NULL),
(112, 'kinh tế 1', 3, 'tác giả 1', 'xuất bản 1', 100000, 90000, 2, 100, '13x15 cm', 'kinhte.jpg', 2018, 'mô tả', 0, '2018-05-22 08:01:23', '2018-05-22 08:01:23');

-- --------------------------------------------------------

--
-- Table structure for table `slide`
--

DROP TABLE IF EXISTS `slide`;
CREATE TABLE IF NOT EXISTS `slide` (
  `id` int(4) NOT NULL AUTO_INCREMENT,
  `link` varchar(100) NOT NULL,
  `image` varchar(100) NOT NULL,
  PRIMARY KEY (`id`)
) ENGINE=MyISAM AUTO_INCREMENT=4 DEFAULT CHARSET=utf8mb4;

--
-- Dumping data for table `slide`
--

INSERT INTO `slide` (`id`, `link`, `image`) VALUES
(1, '', 'banner1.jpg'),
(2, '', 'banner2.jpg'),
(3, '', 'banner3.jpg');

-- --------------------------------------------------------

--
-- Table structure for table `users`
--

DROP TABLE IF EXISTS `users`;
CREATE TABLE IF NOT EXISTS `users` (
  `id` int(10) UNSIGNED NOT NULL AUTO_INCREMENT,
  `full_name` varchar(255) COLLATE utf8mb4_unicode_ci NOT NULL,
  `phone` varchar(191) COLLATE utf8mb4_unicode_ci NOT NULL,
  `email` varchar(191) COLLATE utf8mb4_unicode_ci NOT NULL,
  `password` varchar(191) COLLATE utf8mb4_unicode_ci NOT NULL,
  `permission` int(4) NOT NULL DEFAULT '0',
  `address` varchar(255) COLLATE utf8mb4_unicode_ci NOT NULL,
  `remember_token` varchar(100) COLLATE utf8mb4_unicode_ci DEFAULT NULL,
  `created_at` timestamp NULL DEFAULT NULL,
  `updated_at` timestamp NULL DEFAULT NULL,
  PRIMARY KEY (`id`)
) ENGINE=InnoDB AUTO_INCREMENT=9 DEFAULT CHARSET=utf8mb4 COLLATE=utf8mb4_unicode_ci;

--
-- Dumping data for table `users`
--

INSERT INTO `users` (`id`, `full_name`, `phone`, `email`, `password`, `permission`, `address`, `remember_token`, `created_at`, `updated_at`) VALUES
(1, 'Trần Thị Ngọc Lương 11', '01659086000', 'ngocluongtranthi03@gmail.com', '$2y$10$ybfS2Fo5o2pVhWjf0GXlh.jaBybPQ2x00dzy/FWoSFYXZql0KgQnu', 0, '11 Mễ Trì Hạ', 'RWQeH0Gdv1Om0keiAcXDTmsKTNNItHPMG29XXBULmb3eLnWq0VxpADoN1atj', '2018-05-02 16:07:01', '2018-05-22 13:12:00'),
(2, 'Trần Thị Ngọc Lượng', '01659086001', 'ngocluongtranthi01@gmail.com', '$2y$10$Nb0Md4WEU5kZwgZ1zZrA0.OEyi5wZGDOF1Vv2skMAH3NU0stzNJj2', 0, '2 Mễ Trì Hạ', NULL, '2018-05-02 16:08:10', '2018-05-02 16:08:10'),
(3, 'Nguyễn Minh Công', '01659086002', 'cong01vn@gmail.com', '$2y$10$xWd3MRVbpXoNeK3pSs1mM./I.m4DcaZg4kG22odFtOMeCrsaAuOZO', 1, '1 Hai Bà Trưng', 'c01xKwOi7s4q17xu9cELabLY1DApswQ4zJtF3o63s5EdtEeAoWQaeRlM6zmC', '2018-05-22 12:34:23', '2018-05-22 12:34:23'),
(4, 'Trần Đăng Khoa', '01659086003', 'khoa@gmail.com', '$2y$10$R6.iYmFv.4uzunMVqTFl9OK6ow4.6aI6qv9Ls2vFa2wPTnhi1Qpwe', 0, '1 Kon Tum', NULL, '2018-05-22 12:43:25', '2018-05-22 12:43:25'),
(7, 'Nguyễn Minh Công 3', '01659086003', 'cong03vn@gmail.com', '$2y$10$kBKFlQmw7CecUQHZNGjwFONucDGav6Y5K.UV0w5K16Vse.6CUJPjO', 0, '3 Trần Phú', NULL, '2018-05-22 13:19:09', '2018-05-22 13:19:09'),
(8, 'admin', '0111111111', 'admin@gmail.com', '$2y$10$jv1/xmUqil/BB2.Lvq10O.ChRp.z0Izqr5oYYvVILOoPrZrfow48q', 1, 'admin', 'mWzogvS5pc4VVIjaac66rdydRzuGWSZqqoYNfz89dbeyRqYt3YWqILm6BIjh', '2018-05-22 15:10:44', '2018-05-22 15:10:44');
COMMIT;

/*!40101 SET CHARACTER_SET_CLIENT=@OLD_CHARACTER_SET_CLIENT */;
/*!40101 SET CHARACTER_SET_RESULTS=@OLD_CHARACTER_SET_RESULTS */;
/*!40101 SET COLLATION_CONNECTION=@OLD_COLLATION_CONNECTION */;
